[{"name":"theme_info","theme_name":"Dawn","theme_version":"2.6.0","theme_author":"Shopify","theme_documentation_url":"https:\/\/help.shopify.com\/manual\/online-store\/themes\/os20\/themes-by-shopify\/dawn","theme_support_url":"https:\/\/support.shopify.com\/"},{"name":"General Settings","settings":[{"type":"header","content":"Header Layout"},{"type":"select","id":"header-layout","label":"Select Header Layout","default":"header_layout1","options":[{"value":"header_layout1","label":"Layout1"},{"value":"header_layout2","label":"Layout2"},{"value":"header_layout3","label":"Layout3"}]},{"type":"select","id":"footer-layout","label":"Select Footer Layout","default":"footer_layout1","options":[{"value":"footer_layout1","label":"Layout1"},{"value":"footer_layout2","label":"Layout2"}]},{"type":"header","content":"Back To Top Button"},{"type":"checkbox","id":"enable_slidetop","label":"Enabled?","default":true},{"type":"header","content":"Password Page Settings"},{"type":"image_picker","id":"password_bgimage","label":"Background Image","info":"Size: 1920px X 1000px"},{"type":"color","id":"password_bgcolor","label":"Background Color","default":"#232323"},{"type":"color","id":"password_textcolor","label":"Text Color","default":"#FFFFFF"},{"type":"header","content":"Favicon"},{"type":"image_picker","id":"favicon","label":"Favicon Icon","info":"Will be scaled down to 32 x 32px"}]},{"name":"Sidebar","settings":[{"type":"checkbox","id":"show_product","label":"Show on Product Page","default":false},{"type":"checkbox","id":"show_collection","label":"Show on Collection Page","default":true},{"type":"checkbox","id":"show_blog","label":"Show on Blog Page","default":true},{"type":"checkbox","id":"show_search","label":"Show on Search Page","default":true}]},{"name":"Colors","settings":[{"type":"header","content":"Theme Color"},{"type":"color","id":"brand-secondary","label":"Theme Color","default":"#E38EA5"},{"type":"header","content":"Header Color","info":"Applies to header."},{"type":"color","id":"navbar_background_color","label":"Navbar Background Color","default":"#222222"},{"type":"color","id":"navbar-text-color","label":"Navbar Text Color","default":"#ffffff"},{"type":"color","id":"header-icon-color","label":"Icon & Text Color","default":"#222222"},{"type":"color","id":"header-icon-hover-color","label":"Icon & Text Hover Color","default":"#E38EA5"},{"type":"color","id":"menu-bg-color","label":"Menu Background Color","default":"#ffffff"},{"type":"color","id":"menu-text-color","label":"Menu Text Color","default":"#666666"},{"type":"color","id":"menu-text-hover-color","label":"Menu Text Hover Color","default":"#E38EA5"},{"type":"header","content":"Button Color","info":"Applies to all the buttons of the theme on all pages."},{"type":"color","id":"button-bg-color","label":"Background Color","default":"#E38EA5"},{"type":"color","id":"button-text-color","label":"Text Color","default":"#ffffff"},{"type":"color","id":"button-bg-hover-color","label":"Background Hover Color","default":"#232323"},{"type":"color","id":"button-text-hover-color","label":"Text Hover Color","default":"#ffffff"},{"type":"header","content":"Product Button Color","info":"Applies to product sliders on home page and products on collection pages."},{"type":"color","id":"product-btn-bg-color","label":"Background Color","default":"#ffffff"},{"type":"color","id":"product-icon-color","label":"Icon Color","default":"#222222"},{"type":"color","id":"product-btn-bg-hover-color","label":"Background Hover Color","default":"#E38EA5"},{"type":"color","id":"product-icon-hover-color","label":"Icon Hover Color","default":"#ffffff"},{"type":"header","content":"Footer Colors","info":"Applies to footer section."},{"type":"color_background","id":"footer-bg-color","default":"radial-gradient(96.53% 96.53% at 50% 3.47%, #FDE6FC 0%, #FCF6BD 82.29%, #FCF6BD 100%)","label":"Footer Color "},{"type":"color","id":"footer-heading-color","label":"Heading Color","default":"#222222"},{"type":"color","id":"footer-text-color","label":"Text Color","default":"#666666"},{"type":"color","id":"footer-text-hover-color","label":"Text Hover Color","default":"#E38EA5"},{"type":"color","id":"footer-bottom-bg-color","label":"Bottom Background Color","default":"#E38EA5"},{"type":"color","id":"footer-bottom-text-color","label":"Bottom Text Color","default":"#ffffff"}]},{"name":"Typography","settings":[{"type":"font_picker","id":"type_body_font","default":"sans-serif","label":"Font","info":"Selecting a different font can affect the speed of your store. [Learn more about system fonts.](https:\/\/help.shopify.com\/en\/manual\/online-store\/os\/store-speed\/improving-speed#fonts)"}]},{"name":"Product","settings":[{"type":"select","id":"image_ratio","options":[{"value":"adapt","label":"Adapt To Image"},{"value":"portrait","label":"Portrait"},{"value":"square","label":"Square"}],"default":"square","label":"Image Ratio"},{"type":"checkbox","id":"show_secondary_image","default":true,"label":"Show Second Image on Hover"},{"type":"checkbox","id":"show_vendor","default":false,"label":"Show Vendor"},{"type":"text","id":"show_description","label":"Length of Characters for Short Product Description in the entire Theme","default":"200"},{"type":"select","id":"picker_type","label":"Variant Picker","default":"button","options":[{"value":"dropdown","label":"Dropdown"},{"value":"button","label":"Swatches"}]},{"type":"header","content":"Buttons"},{"type":"checkbox","id":"show_quickview","label":"Show Quickview","default":true},{"type":"checkbox","id":"show_wishlist","label":"Show Wishlist","default":true},{"type":"checkbox","id":"show_cart","label":"Show Add To Cart","default":true},{"type":"header","content":"Sale Badge"},{"type":"checkbox","id":"show_sale","label":"Show Sale Badge","default":true},{"type":"color","id":"sale_bg_color","label":"Background Color","default":"#7fbc1e"},{"type":"color","id":"sale_text_color","label":"Text Color","default":"#ffffff"},{"type":"header","content":"Sold out Badge"},{"type":"checkbox","id":"show_soldout","label":"Show Sold out Badge","default":true},{"type":"color","id":"soldout_bg_color","label":"Background Color","default":"#c92c2c"},{"type":"color","id":"soldout_text_color","label":"Text Color","default":"#ffffff"}]},{"name":"Social Media","settings":[{"type":"header","content":"Social Accounts"},{"type":"text","id":"social_twitter_link","label":"Twitter","info":"https:\/\/twitter.com\/shopify"},{"type":"text","id":"social_facebook_link","label":"Facebook","info":"https:\/\/facebook.com\/shopify"},{"type":"text","id":"social_pinterest_link","label":"Pinterest","info":"https:\/\/pinterest.com\/shopify"},{"type":"text","id":"social_instagram_link","label":"Instagram","info":"http:\/\/instagram.com\/shopify"},{"type":"text","id":"social_tiktok_link","label":"Tiktok","info":"http:\/\/tiktok.com\/shopify"},{"type":"text","id":"social_tumblr_link","label":"Tumblr","info":"https:\/\/shopify.tumblr.com"},{"type":"text","id":"social_snapchat_link","label":"Snapchat","info":"https:\/\/www.snapchat.com\/add\/shopify"},{"type":"text","id":"social_youtube_link","label":"YouTube","info":"https:\/\/www.youtube.com\/shopify"},{"type":"text","id":"social_vimeo_link","label":"Vimeo","info":"https:\/\/vimeo.com\/shopify"}]},{"name":"Currency Format","settings":[{"type":"header","content":"Currency Codes"},{"type":"paragraph","content":"Cart and checkout prices always show currency codes. Example: $1.00 USD."},{"type":"checkbox","id":"currency_code_enabled","label":"Show currency codes","default":false}]},{"name":"Custom Javascript","settings":[{"type":"textarea","id":"custom_javascript","label":"Custom Javascript"}]},{"name":"Custom CSS","settings":[{"type":"textarea","id":"custom_css","label":"Custom CSS"}]},{"name":"Cart Drawer","settings":[{"type":"checkbox","id":"enable_cartdrawer","label":"Enabled?","default":true},{"type":"range","id":"shipping_amount","label":"Free Shipping Amount","min":0,"max":100,"step":5,"default":0,"info":"If configured 0, Free Shipping Notification will not be displayed"},{"type":"header","content":"Color Settings"},{"type":"color","id":"bg_free_shipping_indicator","label":"Free Shipping Background Color","default":"#fff3cd"},{"type":"color","id":"color_free_shipping_indicator","label":"Free Shipping text Color","default":"#856404"},{"type":"color","id":"bg_free_shipping_indicator_eligible","label":"Free Shipping Eligible Background Color","default":"#d4edda"},{"type":"color","id":"color_free_shipping_indicator_eligible","label":"Free Shipping Eligible text Color","default":"#155724"}]}]