{"current":{"header-layout":"header_layout1","footer-layout":"footer_layout1","password_textcolor":"#FFFFFF","favicon":"shopify:\/\/shop_images\/favicon.png","show_product":false,"show_collection":true,"show_blog":true,"show_search":true,"brand-secondary":"#333333","navbar_background_color":"#fcf6bd","navbar-text-color":"#333333","header-icon-color":"#666666","header-icon-hover-color":"#333333","menu-bg-color":"#ffffff","menu-text-color":"#666666","menu-text-hover-color":"#333333","button-bg-color":"#333333","button-text-color":"#ffffff","button-bg-hover-color":"#ffffff","button-text-hover-color":"#333333","product-btn-bg-color":"rgba(0,0,0,0)","product-btn-bg-hover-color":"rgba(0,0,0,0)","product-icon-hover-color":"#232323","footer-bg-color":"linear-gradient(0deg, rgba(253, 230, 252, 1), rgba(252, 246, 189, 1) 82.29%, rgba(252, 246, 189, 1) 100%)","footer-heading-color":"#333333","footer-text-color":"#777777","footer-text-hover-color":"#333333","footer-bottom-bg-color":"rgba(0,0,0,0)","footer-bottom-text-color":"#777777","type_body_font":"inter_n4","image_ratio":"square","show_secondary_image":true,"show_vendor":false,"show_description":"200","picker_type":"button","show_quickview":true,"show_wishlist":true,"show_cart":true,"show_sale":false,"sale_bg_color":"#7fbc1e","sale_text_color":"#ffffff","show_soldout":false,"soldout_bg_color":"#c92c2c","soldout_text_color":"#ffffff","social_facebook_link":"\/","social_instagram_link":"\/","social_tiktok_link":"\/","social_snapchat_link":"\/","social_vimeo_link":"\/","currency_code_enabled":false,"custom_css":"","enable_cartdrawer":true,"shipping_amount":80,"bg_free_shipping_indicator":"#fff3cd","color_free_shipping_indicator":"#856404","gradient_accent_1":"linear-gradient(3deg, rgba(253, 230, 252, 1), rgba(252, 246, 189, 1) 65%, rgba(252, 246, 189, 1) 100%)","enable":true,"type_header_font":"poppins_n4","colors_solid_button_labels":"#9D572C","colors_accent_1":"#00fff3","colors_accent_2":"#08ff00","colors_text":"#001bff","colors_outline_button_labels":"#ff0072","colors_background_1":"#08ff00","sections":{"Ishi_sidebar":{"type":"Ishi_sidebar","blocks":{"f1f79e2e-44a9-46ae-aa48-9cd2ae8f8fa9":{"type":"sidebar_link","settings":{"sidebar_link":"shallow"}},"ebfd34be-992a-4614-a61a-9ce47b0ac0b4":{"type":"filter","settings":{}},"15927723-f6d4-49f5-b623-e142a7e2af9d":{"type":"collection","settings":{"product_title":"New Product","collection":"body-care","grid":3,"show_view_all":false}},"6c804a6d-8229-4da5-b120-18ea15e191fe":{"type":"banner","settings":{"image":"shopify:\/\/shop_images\/leftbanner-1_32d63c51-fdb6-4a6b-b9f1-c864bb11cfa5.png","hover1":"fadeinrotate","scale_enable1":false,"banner_link":"\/"}},"51cfae51-26eb-4e3f-9fd0-7ffaef6c522b":{"type":"collection","settings":{"product_title":"Special Product","collection":"makeup","grid":3,"show_view_all":false}}},"block_order":["f1f79e2e-44a9-46ae-aa48-9cd2ae8f8fa9","ebfd34be-992a-4614-a61a-9ce47b0ac0b4","15927723-f6d4-49f5-b623-e142a7e2af9d","6c804a6d-8229-4da5-b120-18ea15e191fe","51cfae51-26eb-4e3f-9fd0-7ffaef6c522b"],"settings":{}},"Ishi_megamenu":{"type":"Ishi_megamenu","blocks":{"0bcbe753-ae3f-4b1d-9943-94d0b5cd1491":{"type":"text_block","settings":{"title":"Shallow","button_link":"shopify:\/\/collections\/makeup","blog_show_new":false,"blog_show_sale":false,"blog_show_hot":false,"navbar":"fragrances","button_link1":"shopify:\/\/collections\/fragrances","navbar1":"make-up","button_link2":"shopify:\/\/collections\/makeup","navbar2":"skin-care","button_link3":"shopify:\/\/collections\/skin-care","navbar3":"","button_link4":"","navbar4":"","button_link5":"shopify:\/\/products\/cologne-spray","navbar5":"","button_link6":"","blog_show_collection":false,"collection-title":"Special Product","collection-titlelink":"","product":"","image1":"shopify:\/\/shop_images\/1_5_29d6d3f0-40a5-4526-b3ea-a913f2054e24.png","bannerlink1":"shopify:\/\/collections\/body-care","maintitle":"ALL SKINCARE","button_label":"SHOP NOW","buttonlink":"shopify:\/\/collections\/body-care","image2":"shopify:\/\/shop_images\/2_4.png","bannerlink2":"shopify:\/\/collections\/skin-care","maintitle2":"TRANDING WEEKLY","button_label2":"SHOP NOW","buttonlink2":"shopify:\/\/collections\/skin-care"}},"3d915dee-3a1d-43e8-ab04-1586dd5e5493":{"type":"text_block","settings":{"title":"Accessories","button_link":"shopify:\/\/collections\/body-care","blog_show_new":false,"blog_show_sale":false,"blog_show_hot":false,"navbar":"make-up","button_link1":"shopify:\/\/collections\/makeup","navbar1":"skin-care","button_link2":"shopify:\/\/collections\/skin-care","navbar2":"","button_link3":"","navbar3":"","button_link4":"","navbar4":"","button_link5":"","navbar5":"","button_link6":"","blog_show_collection":true,"collection-title":"Special Product","collection-titlelink":"shopify:\/\/products\/dior-lip-glow","product":"cologne-spray","bannerlink1":"","maintitle":"","button_label":"SHOP NOW","buttonlink":"","bannerlink2":"","maintitle2":"","button_label2":"SHOP NOW","buttonlink2":""}},"a381cc5a-e85f-4727-9bde-cd106cc85cef":{"type":"text_block","settings":{"title":"About Us","button_link":"shopify:\/\/pages\/about-us","blog_show_new":false,"blog_show_sale":false,"blog_show_hot":false,"navbar":"","button_link1":"","navbar1":"","button_link2":"","navbar2":"","button_link3":"","navbar3":"","button_link4":"","navbar4":"","button_link5":"","navbar5":"","button_link6":"","blog_show_collection":false,"collection-title":"","collection-titlelink":"","product":"","bannerlink1":"","maintitle":"","button_label":"SHOP NOW","buttonlink":"","bannerlink2":"","maintitle2":"","button_label2":"SHOP NOW","buttonlink2":""}},"967c5f6e-a9a4-4fef-af5b-6720f1fe8551":{"type":"text_block","settings":{"title":"Included Page","button_link":"","blog_show_new":false,"blog_show_sale":false,"blog_show_hot":false,"navbar":"include-page","button_link1":"","navbar1":"","button_link2":"","navbar2":"","button_link3":"","navbar3":"","button_link4":"","navbar4":"","button_link5":"","navbar5":"","button_link6":"","blog_show_collection":false,"collection-title":"","collection-titlelink":"","product":"","bannerlink1":"","maintitle":"","button_label":"SHOP NOW","buttonlink":"","bannerlink2":"","maintitle2":"","button_label2":"SHOP NOW","buttonlink2":""}},"7d91ff2d-7b3c-4d66-a371-fc4c5e88136c":{"type":"text_block","settings":{"title":"Blog","button_link":"shopify:\/\/blogs\/cosmetic","blog_show_new":false,"blog_show_sale":false,"blog_show_hot":false,"navbar":"","button_link1":"","navbar1":"","button_link2":"","navbar2":"","button_link3":"","navbar3":"","button_link4":"","navbar4":"","button_link5":"","navbar5":"","button_link6":"","blog_show_collection":false,"collection-title":"","collection-titlelink":"","product":"","bannerlink1":"","maintitle":"","button_label":"SHOP NOW","buttonlink":"","bannerlink2":"","maintitle2":"","button_label2":"SHOP NOW","buttonlink2":""}}},"block_order":["0bcbe753-ae3f-4b1d-9943-94d0b5cd1491","3d915dee-3a1d-43e8-ab04-1586dd5e5493","a381cc5a-e85f-4727-9bde-cd106cc85cef","967c5f6e-a9a4-4fef-af5b-6720f1fe8551","7d91ff2d-7b3c-4d66-a371-fc4c5e88136c"],"settings":{}},"main-password-header":{"type":"main-password-header","settings":{"logo":"shopify:\/\/shop_images\/logo_42bd7448-e11f-4a5e-b232-e975a63cc1a3.png","logo_max_width":"195","header":"Coming Soon","startdate":"2021-12-22"}},"main-password-footer":{"type":"main-password-footer","settings":{"show_share_buttons":true,"social_message":"Spread The Word"}},"newsletterpopup":{"type":"newsletterpopup","settings":{"enable":true,"show_onall_page":false,"newsletter_time":4,"image":"shopify:\/\/shop_images\/Untitled-1_copy.png","bgcolor":"#ffffff","textcolor":"#333333","image_position":"left","maintitle":"Join Our Newsletter And Get Discount","subtitle":"Subscribe to the newsletter to receive updates about new products.","show_social":true}},"cookieconsent":{"type":"cookieconsent","settings":{"enable":true,"cookieconsent_position":"left","cookieconsent_description":"<p>This is a cookie consent dialog which comes free of cost with the theme! You can use it if you want or disable it.<\/p>","cookieconsent_btntext":"Got it!","cookieconsent_bgcolor":"#000000","cookieconsent_bgcoloropacity":0.9,"cookieconsent_btnbgcolor":"#ffffff","cookieconsent_btntextcolor":"#000000"}},"header_layout1":{"type":"header_layout1","settings":{"headertitle":"Free Shipping On Orders Over $70","logo":"shopify:\/\/shop_images\/SHALLOW.png","logo_max_width":"146","enable_country_selector":true,"enable_language_selector":true}},"header_layout2":{"type":"header_layout2","blocks":{"ec4d756b-6197-4939-9837-64170f0a0f0e":{"type":"text_block","settings":{"title":"Shallow","button_link":"shopify:\/\/collections\/body-care","blog_show_new":false,"blog_show_sale":false,"blog_show_hot":false,"navbar":"fragrances","button_link1":"shopify:\/\/collections\/fragrances","navbar1":"make-up","button_link2":"shopify:\/\/collections\/makeup","navbar2":"skin-care","button_link3":"shopify:\/\/collections\/skin-care","navbar3":"","button_link4":"","navbar4":"","button_link5":"","navbar5":"","button_link6":"","blog_show_collection":false,"collection-title":"","collection-titlelink":"","product":"","image1":"shopify:\/\/shop_images\/1_5_29d6d3f0-40a5-4526-b3ea-a913f2054e24.png","bannerlink1":"","maintitle":"all skincare","button_label":"SHOP NOW","buttonlink":"shopify:\/\/collections\/skin-care","image2":"shopify:\/\/shop_images\/2_4.png","bannerlink2":"","maintitle2":"trending weekly","button_label2":"SHOP NOW","buttonlink2":"shopify:\/\/collections\/body-care"}},"3228ae9b-53fc-464f-9c3f-0ed6504b0f6d":{"type":"text_block","settings":{"title":"Accessories","button_link":"shopify:\/\/collections\/fragrances","blog_show_new":false,"blog_show_sale":false,"blog_show_hot":false,"navbar":"make-up","button_link1":"shopify:\/\/collections\/makeup","navbar1":"skin-care","button_link2":"shopify:\/\/collections\/skin-care","navbar2":"","button_link3":"","navbar3":"","button_link4":"","navbar4":"","button_link5":"","navbar5":"","button_link6":"","blog_show_collection":true,"collection-title":"Spical Product","collection-titlelink":"shopify:\/\/products\/eye-makeup","product":"eye-makeup","bannerlink1":"","maintitle":"","button_label":"SHOP NOW","buttonlink":"","bannerlink2":"","maintitle2":"","button_label2":"SHOP NOW","buttonlink2":""}},"c1c0addd-8c0b-4b5b-b9e5-73cfe69a2418":{"type":"text_block","settings":{"title":"Included Pages","button_link":"","blog_show_new":false,"blog_show_sale":false,"blog_show_hot":false,"navbar":"include-page","button_link1":"","navbar1":"","button_link2":"","navbar2":"","button_link3":"","navbar3":"","button_link4":"","navbar4":"","button_link5":"","navbar5":"","button_link6":"","blog_show_collection":false,"collection-title":"","collection-titlelink":"","product":"","bannerlink1":"","maintitle":"","button_label":"SHOP NOW","buttonlink":"","bannerlink2":"","maintitle2":"","button_label2":"SHOP NOW","buttonlink2":""}},"634e5182-1469-4861-9772-a67284394d52":{"type":"text_block","settings":{"title":"Blog","button_link":"","blog_show_new":false,"blog_show_sale":false,"blog_show_hot":false,"navbar":"","button_link1":"","navbar1":"","button_link2":"","navbar2":"","button_link3":"","navbar3":"","button_link4":"","navbar4":"","button_link5":"","navbar5":"","button_link6":"","blog_show_collection":false,"collection-title":"","collection-titlelink":"","product":"","bannerlink1":"","maintitle":"","button_label":"SHOP NOW","buttonlink":"","bannerlink2":"","maintitle2":"","button_label2":"SHOP NOW","buttonlink2":""}}},"block_order":["ec4d756b-6197-4939-9837-64170f0a0f0e","3228ae9b-53fc-464f-9c3f-0ed6504b0f6d","c1c0addd-8c0b-4b5b-b9e5-73cfe69a2418","634e5182-1469-4861-9772-a67284394d52"],"settings":{"headertitle":"Buy now get 50% discount on all types of cosmetics.","logo":"shopify:\/\/shop_images\/SHALLOW.png","logo_max_width":"146","show_wishlist":false,"enable_country_selector":true,"enable_language_selector":true}},"header_layout3":{"type":"header_layout3","blocks":{"17e2e749-719a-4fcf-9d7a-806b619fd498":{"type":"text_block","settings":{"title":"Shallow","button_link":"shopify:\/\/collections\/body-care","blog_show_new":false,"blog_show_sale":false,"blog_show_hot":false,"navbar":"fragrances","button_link1":"shopify:\/\/collections\/fragrances","navbar1":"skin-care","button_link2":"shopify:\/\/collections\/skin-care","navbar2":"make-up","button_link3":"shopify:\/\/collections\/makeup","navbar3":"","button_link4":"","navbar4":"","button_link5":"","navbar5":"","button_link6":"","blog_show_collection":false,"collection-title":"","collection-titlelink":"","product":"","image1":"shopify:\/\/shop_images\/1_5_29d6d3f0-40a5-4526-b3ea-a913f2054e24.png","bannerlink1":"","maintitle":"ALL SKIN CARE","button_label":"SHOP NOW","buttonlink":"shopify:\/\/collections\/body-care","image2":"shopify:\/\/shop_images\/2_4.png","bannerlink2":"","maintitle2":"TRENDINK WEEKLY","button_label2":"SHOP NOW","buttonlink2":"shopify:\/\/collections\/fragrances"}},"ec2cc113-b964-4f9e-b0c4-2dca2c01c033":{"type":"text_block","settings":{"title":"Accessories","button_link":"shopify:\/\/collections\/fragrances","blog_show_new":false,"blog_show_sale":false,"blog_show_hot":false,"navbar":"fragrances","button_link1":"shopify:\/\/collections\/fragrances","navbar1":"","button_link2":"","navbar2":"","button_link3":"","navbar3":"","button_link4":"","navbar4":"","button_link5":"","navbar5":"","button_link6":"","blog_show_collection":true,"collection-title":"Special Product","collection-titlelink":"shopify:\/\/products\/base-foundation","product":"base-foundation","bannerlink1":"","maintitle":"","button_label":"SHOP NOW","buttonlink":"","bannerlink2":"","maintitle2":"","button_label2":"SHOP NOW","buttonlink2":""}},"243e1ee5-f0eb-4c74-802b-10e75bfacfe5":{"type":"text_block","settings":{"title":"Included Pages","button_link":"","blog_show_new":false,"blog_show_sale":false,"blog_show_hot":false,"navbar":"","button_link1":"","navbar1":"","button_link2":"","navbar2":"","button_link3":"","navbar3":"","button_link4":"","navbar4":"","button_link5":"","navbar5":"","button_link6":"","blog_show_collection":false,"collection-title":"","collection-titlelink":"","product":"","bannerlink1":"","maintitle":"","button_label":"SHOP NOW","buttonlink":"","bannerlink2":"","maintitle2":"","button_label2":"SHOP NOW","buttonlink2":""}},"fcd0694c-9436-47fd-afbf-dbd5f6d804ae":{"type":"text_block","settings":{"title":"About Us","button_link":"","blog_show_new":false,"blog_show_sale":false,"blog_show_hot":false,"navbar":"","button_link1":"","navbar1":"","button_link2":"","navbar2":"","button_link3":"","navbar3":"","button_link4":"","navbar4":"","button_link5":"","navbar5":"","button_link6":"","blog_show_collection":false,"collection-title":"","collection-titlelink":"","product":"","bannerlink1":"","maintitle":"","button_label":"SHOP NOW","buttonlink":"","bannerlink2":"","maintitle2":"","button_label2":"SHOP NOW","buttonlink2":""}},"24702c3f-d5c2-4189-a1f1-e30dfa91bdd8":{"type":"text_block","settings":{"title":"Blog","button_link":"","blog_show_new":false,"blog_show_sale":false,"blog_show_hot":false,"navbar":"","button_link1":"","navbar1":"","button_link2":"","navbar2":"","button_link3":"","navbar3":"","button_link4":"","navbar4":"","button_link5":"","navbar5":"","button_link6":"","blog_show_collection":false,"collection-title":"","collection-titlelink":"","product":"","bannerlink1":"","maintitle":"","button_label":"SHOP NOW","buttonlink":"","bannerlink2":"","maintitle2":"","button_label2":"SHOP NOW","buttonlink2":""}},"34c43bcc-e78a-4ef1-ae53-27e4994c75ee":{"type":"offer_block","settings":{"category-title":"GET $10 OFF ON YOUR FIRST ORDER!","button_link":""}},"e2263d3e-8631-494f-b05a-579e2a2bf694":{"type":"offer_block","settings":{"category-title":"GET $20 OFF ON YOUR FIRST ORDER!","button_link":""}}},"block_order":["17e2e749-719a-4fcf-9d7a-806b619fd498","ec2cc113-b964-4f9e-b0c4-2dca2c01c033","243e1ee5-f0eb-4c74-802b-10e75bfacfe5","fcd0694c-9436-47fd-afbf-dbd5f6d804ae","24702c3f-d5c2-4189-a1f1-e30dfa91bdd8","34c43bcc-e78a-4ef1-ae53-27e4994c75ee","e2263d3e-8631-494f-b05a-579e2a2bf694"],"settings":{"headertitle":"Welcome To Our Goldments Store.","logo":"shopify:\/\/shop_images\/SHALLOW.png","logo_max_width":"146","enable_country_selector":true,"enable_language_selector":true}},"footer_layout1":{"type":"footer_layout1","blocks":{"6cd60fe5-8b38-490c-9926-ccaacb7d1c5c":{"type":"promotion","settings":{"alignment":"center","maintitle":"Get 20% off on your first order","subheading":"Join our email list for exclusive offers and the latest news.","show_social":false,"block_width":100}},"b4cd77d2-b00c-4905-83b8-b0d264b21606":{"type":"storeinformation","settings":{"image":"shopify:\/\/shop_images\/SHALLOW.png","image_width":145,"store-desc":"<p>Lorem ipsum dolor sit amet, consectet adipiscing elit. Gravida volutpat sapien viverra. Etiam id sit donec integer tincidunt vestibulum<br\/><\/p>","alignment":"left","show_social":true,"block_width":25}},"footer_layout1-0":{"type":"link_list","settings":{"heading":"About Us","menu":"about-us","block_width":20}},"63617161-cd5a-4de9-a39d-38bbee562658":{"type":"link_list","settings":{"heading":"Our Company","menu":"our-company","block_width":20}},"734a9b3c-526c-46e5-ba31-cbc271c9aef1":{"type":"contactinformation","settings":{"heading":"Contact information","image-width":120,"show_address":true,"address_title":"Location :","show_contact":true,"contact_title":"Contact Us :","show_email":true,"email_title":"Email :","block_width":35}}},"block_order":["6cd60fe5-8b38-490c-9926-ccaacb7d1c5c","b4cd77d2-b00c-4905-83b8-b0d264b21606","footer_layout1-0","63617161-cd5a-4de9-a39d-38bbee562658","734a9b3c-526c-46e5-ba31-cbc271c9aef1"],"settings":{"image":"shopify:\/\/shop_images\/Group_48095544.png","copyright":"© 2023, Shallow Sectioned Shopify Theme Powered by Shopify","fakepayment_enable":true,"payment_enable":true}},"footer_layout2":{"type":"footer_layout2","blocks":{"d3e74eeb-e440-4de6-a39e-3b97a6a26890":{"type":"contactinformation","settings":{"heading":"Contact information","show_address":true,"show_contact":true,"show_email":true,"block_width":25}},"footer_layout2-0":{"type":"link_list","settings":{"heading":"About Us","menu":"about-us","block_width":25}},"16ed51cc-7b2d-4316-ac7f-bd25f900ed10":{"type":"link_list","settings":{"heading":"Our Company","menu":"our-company","block_width":25}},"00320855-b72e-42d0-8c90-24a53ccede8b":{"type":"promotion","settings":{"alignment":"left","heading":"Keep In Touch","newslettersubtitle":"Subscribe our newsletter and get latest offers and promotions","show_social":true,"block_width":25}}},"block_order":["d3e74eeb-e440-4de6-a39e-3b97a6a26890","footer_layout2-0","16ed51cc-7b2d-4316-ac7f-bd25f900ed10","00320855-b72e-42d0-8c90-24a53ccede8b"],"settings":{"footerimage":"shopify:\/\/shop_images\/bg_fbaf4f07-f001-4875-9c0f-4150dd54d507.png","copyright":"© 2023, Shallow Sectioned Shopify Theme","image":"shopify:\/\/shop_images\/SHALLOW_0e95c8a3-9ce0-4ebf-8053-cdf8a4418c6e.png","fakepayment_enable":true,"payment_enable":true}}},"content_for_index":[]}}