{"sections":{"main":{"type":"main-404","settings":{"image":"shopify:\/\/shop_images\/contact_page.png","hometitle":"404","subtitle":"UH OH! You're lost.","description":"The page you are looking for does not exist. How you got here is a mystery. But you can click the button below to go back to the homepage.","button_label":"HOME","button_link":"\/","section_bottom_spacing_desktop":70,"section_bottom_spacing_mobile":30}},"1628765432468e2bca":{"type":"Ishi_collection_list","blocks":{"1628765432468e2bca-0":{"type":"featured_collection","settings":{"collection":"body-care"}},"1628765432468e2bca-1":{"type":"featured_collection","settings":{"collection":"fragrances"}},"1628765432468e2bca-2":{"type":"featured_collection","settings":{"collection":"new-beauty"}},"1628765432468e2bca-3":{"type":"featured_collection","settings":{"collection":"special-beauty"}}},"block_order":["1628765432468e2bca-0","1628765432468e2bca-1","1628765432468e2bca-2","1628765432468e2bca-3"],"settings":{"subtitle":"","hometitle":"Collection List","featured_image_ratio":"square","swipe_on_mobile":false,"show_view_all":true,"show_collection_item":true,"grid":"4","section_bottom_spacing_desktop":70,"section_bottom_spacing_mobile":30}},"162935483365cacad5":{"type":"Ishi_featured_product","blocks":{"162935483365cacad5-0":{"type":"product_tab","settings":{"title":"","collection":"body-care","show_view_all":true}}},"block_order":["162935483365cacad5-0"],"settings":{"hometitle":"Trending Products","products_to_show":4,"grid":"4","swipe_on_mobile":false,"section_bottom_spacing_desktop":70,"section_bottom_spacing_mobile":30}}},"order":["main","1628765432468e2bca","162935483365cacad5"]}