{"sections":{"16289212707c98911d":{"type":"Ishi_slideshow","blocks":{"16289212707c98911d-0":{"type":"slide_image","settings":{"image":"shopify:\/\/shop_images\/bg_2.png","text_position":"center","textalignment":"center","subtitle":"","subtitlecolor":"#ffffff","maintitle":"Organic Beauty Collection","maintitlecolor":"#ffffff","desc":"Lorem ipsum dolor sit amet, consectetur adipiscing elit. Aliquam nisl at pellente \nac sit justo etiam.Integllingent for now to dummy text","desccolor":"#ffffff","button_label":"SHOP NOW","link":"","image1":"shopify:\/\/shop_images\/1_8.png","text_position1":"center","textalignment1":"center"}},"e8c25538-f73a-485f-982e-20e17de2f43b":{"type":"slide_image","settings":{"image":"shopify:\/\/shop_images\/bg_3.png","text_position":"center","textalignment":"center","subtitle":"","subtitlecolor":"#ffffff","maintitle":"Organic Beauty Collection","maintitlecolor":"#ffffff","desc":"Lorem ipsum dolor sit amet, consectetur adipiscing elit. Aliquam nisl at pellente \nac sit justo etiam.Integllingent for now to dummy text","desccolor":"#ffffff","button_label":"SHOP NOW","link":"","image1":"shopify:\/\/shop_images\/2_7.png","text_position1":"center","textalignment1":"center"}}},"block_order":["16289212707c98911d-0","e8c25538-f73a-485f-982e-20e17de2f43b"],"settings":{"section_bottom_spacing_desktop":70,"section_bottom_spacing_mobile":30,"section_left-right_spacing_mobile":0}},"162935800064a32fb5":{"type":"Ishi_featured_product","blocks":{"162935800064a32fb5-0":{"type":"product_tab","settings":{"title":"","collection":"fragrances","show_view_all":true}}},"block_order":["162935800064a32fb5-0"],"settings":{"hometitle":"This Week’s Highlight","products_to_show":4,"grid":"4","swipe_on_mobile":true,"section_bottom_spacing_desktop":70,"section_bottom_spacing_mobile":30}},"b5bd68c6-82de-4515-b259-641498796f45":{"type":"Ishi_servicestyle1","blocks":{"template--14487983751214__b5bd68c6-82de-4515-b259-641498796f45-1673936512449a7fb9-0":{"type":"image","settings":{"service-image":"shopify:\/\/shop_images\/delivery-box_1.png","service-title":"Free Shipping","service-desc":"Lorem ipsum dolor sit amet consectetuerra ali","link":"shopify:\/\/pages\/about-us"}},"template--14487983751214__b5bd68c6-82de-4515-b259-641498796f45-1673936512449a7fb9-1":{"type":"image","settings":{"service-image":"shopify:\/\/shop_images\/product-return.png","service-title":"Return Policy","service-desc":"Lorem ipsum dolor sit amet consectetuerra ali","link":"shopify:\/\/pages\/about-us"}},"template--14487983751214__b5bd68c6-82de-4515-b259-641498796f45-1673936512449a7fb9-2":{"type":"image","settings":{"service-image":"shopify:\/\/shop_images\/customer-support_2.png","service-title":"24x7 Support","service-desc":"Lorem ipsum dolor sit amet consectetuerra ali","link":"shopify:\/\/pages\/about-us"}},"template--14487983751214__b5bd68c6-82de-4515-b259-641498796f45-1673936512449a7fb9-3":{"type":"image","settings":{"service-image":"shopify:\/\/shop_images\/money-back_1.png","service-title":"Money back","service-desc":"Lorem ipsum dolor sit amet consectetuerra ali","link":"shopify:\/\/pages\/about-us"}}},"block_order":["template--14487983751214__b5bd68c6-82de-4515-b259-641498796f45-1673936512449a7fb9-0","template--14487983751214__b5bd68c6-82de-4515-b259-641498796f45-1673936512449a7fb9-1","template--14487983751214__b5bd68c6-82de-4515-b259-641498796f45-1673936512449a7fb9-2","template--14487983751214__b5bd68c6-82de-4515-b259-641498796f45-1673936512449a7fb9-3"],"settings":{"hometitle":"Our Services","section_bottom_spacing_desktop":70,"section_bottom_spacing_mobile":30}},"d95ada93-5828-41b5-8223-e383f01ca288":{"type":"bannerwithbeforeafterblock","settings":{"image":"shopify:\/\/shop_images\/FULL_SECTION_2.png","text-1":"Before","image-1":"shopify:\/\/shop_images\/Group_48095546_c5de1feb-2fdb-4308-b2dd-b2380be2fb43.png","text-2":"After","bannerimage":"shopify:\/\/shop_images\/bg_1_f8e9da70-e31b-4dc8-beb7-259b8b3a5511.png","bannercolor":"#f7f5e9","subtitlecolor":"#666666","titlecolor":"#333333","titlecolor2":"#777777","subtitle":"SPECIAL OFFER","maintitle":"Love Your Skin Naturally","des":"Lorem ipsum dolor sit amet, consectetur adipiscing elit. Gravida volume have not cosmo \nexten tetur adipiscing elit. Gravida volsapien viverra. Etiam id sit don sapien entunci\nviverra. Etiam id sit donec integer dui the mame","startdate":"2023-01-01","enddate":"2024-01-01","button_label":"GET 20% OFF","button_link":"shopify:\/\/collections\/body-care","section_bottom_spacing_desktop":70,"section_bottom_spacing_mobile":30}},"450377cb-7739-47a9-a0dd-b93ea8cc5008":{"type":"Ishi_categoryblock","blocks":{"0755ea2b-a1e4-40cb-bf2a-7dc7a0354b28":{"type":"image","settings":{"image":"shopify:\/\/shop_images\/Rectangle_1524.png","title":"Skin Care","button_link":"shopify:\/\/collections\/skin-care"}},"e7708670-f134-4ede-a60b-6b2e49610c82":{"type":"image","settings":{"image":"shopify:\/\/shop_images\/Rectangle_1524_1.png","title":"Body Lotion","button_link":"shopify:\/\/collections\/body-care"}},"ee7b416f-5741-44ff-ac26-b9a718abe5af":{"type":"image","settings":{"image":"shopify:\/\/shop_images\/Rectangle_1524_2.png","title":"Nail Polish","button_link":"shopify:\/\/collections\/makeup"}},"5aa0d366-ef22-4a2c-ae38-dde62eb78161":{"type":"image","settings":{"image":"shopify:\/\/shop_images\/4_1.png","title":"Body Care","button_link":"shopify:\/\/collections\/body-care"}},"7c3ee2c4-27e1-49bc-837f-09171e513b22":{"type":"image","settings":{"image":"shopify:\/\/shop_images\/5_46a91d8c-6173-43c1-a794-653d343b1b1f.png","title":"Face Wash","button_link":"shopify:\/\/collections\/fragrances"}}},"block_order":["0755ea2b-a1e4-40cb-bf2a-7dc7a0354b28","e7708670-f134-4ede-a60b-6b2e49610c82","ee7b416f-5741-44ff-ac26-b9a718abe5af","5aa0d366-ef22-4a2c-ae38-dde62eb78161","7c3ee2c4-27e1-49bc-837f-09171e513b22"],"settings":{"title1":"Choose Your Type","section_bottom_spacing_desktop":70,"section_bottom_spacing_mobile":30}},"90eac3bc-b0c2-4495-a8de-9fdd9de5228d":{"type":"Single_productblock","blocks":{"template--14487983751214__90eac3bc-b0c2-4495-a8de-9fdd9de5228d-1674555952f0194ac7-0":{"type":"title","settings":{"title_margin":10}},"template--14487983751214__90eac3bc-b0c2-4495-a8de-9fdd9de5228d-1674555952f0194ac7-1":{"type":"review","settings":{"review_margin":5}},"template--14487983751214__90eac3bc-b0c2-4495-a8de-9fdd9de5228d-1674555952f0194ac7-2":{"type":"price","settings":{"price_margin":5}},"template--14487983751214__90eac3bc-b0c2-4495-a8de-9fdd9de5228d-1674555952f0194ac7-3":{"type":"product_information","settings":{"show_vendor":true,"show_type":true,"show_sku":true,"internal_margin":10,"block_margin":10}},"template--14487983751214__90eac3bc-b0c2-4495-a8de-9fdd9de5228d-1674555952f0194ac7-4":{"type":"wishlist_sizechart","settings":{"show_wishlist":true,"sizechart_text":"Sizechart","sizechart_page":"","wishlist_sizechart_margin":15}},"template--14487983751214__90eac3bc-b0c2-4495-a8de-9fdd9de5228d-1674555952f0194ac7-5":{"type":"deal","settings":{"startdate":"2023-01-01","enddate":"2024-01-01","deal_margin":10}},"template--14487983751214__90eac3bc-b0c2-4495-a8de-9fdd9de5228d-1674555952f0194ac7-6":{"type":"progressbar","settings":{"current_quantity":10,"progressbar_margin":10}},"template--14487983751214__90eac3bc-b0c2-4495-a8de-9fdd9de5228d-1674555952f0194ac7-7":{"type":"variant_picker","settings":{"variant_picker_margin":10}},"template--14487983751214__90eac3bc-b0c2-4495-a8de-9fdd9de5228d-1674555952f0194ac7-8":{"type":"quantity_selector","settings":{"quantity_selector_margin":20}},"template--14487983751214__90eac3bc-b0c2-4495-a8de-9fdd9de5228d-1674555952f0194ac7-9":{"type":"buy_buttons","settings":{"show_dynamic_checkout":true,"buy_buttons_margin":20}},"template--14487983751214__90eac3bc-b0c2-4495-a8de-9fdd9de5228d-1674555952f0194ac7-10":{"type":"reassurance","settings":{"reassurance-image1":"shopify:\/\/shop_images\/4_dacd8cc4-83cb-4ff5-a8f6-e6cb7ec90ccb.png","reassurance-title1":"Free Shipping","reassurance-desc1":"Lorem Ipsum dummy","reassurance-image2":"shopify:\/\/shop_images\/3_13fb7794-656a-4262-999c-b5541e88a226.png","reassurance-title2":"Big Savings","reassurance-desc2":"Lorem Ipsum dummy","reassurance-image3":"shopify:\/\/shop_images\/2_d8d7ee48-f6c3-4534-86e0-1da8ccdf3c9a.png","reassurance-title3":"Customer Support","reassurance-desc3":"Lorem Ipsum dummy","reassurance-image4":"shopify:\/\/shop_images\/1_9c1ee098-62df-4a22-b5fe-911e01f21b18.png","reassurance-title4":"Gift Voucher","reassurance-desc4":"Lorem Ipsum dummy","reassurance_margin":20}},"template--14487983751214__90eac3bc-b0c2-4495-a8de-9fdd9de5228d-1674555952f0194ac7-11":{"type":"trusted_image","settings":{"trusted_image_margin":10}}},"block_order":["template--14487983751214__90eac3bc-b0c2-4495-a8de-9fdd9de5228d-1674555952f0194ac7-0","template--14487983751214__90eac3bc-b0c2-4495-a8de-9fdd9de5228d-1674555952f0194ac7-1","template--14487983751214__90eac3bc-b0c2-4495-a8de-9fdd9de5228d-1674555952f0194ac7-2","template--14487983751214__90eac3bc-b0c2-4495-a8de-9fdd9de5228d-1674555952f0194ac7-3","template--14487983751214__90eac3bc-b0c2-4495-a8de-9fdd9de5228d-1674555952f0194ac7-4","template--14487983751214__90eac3bc-b0c2-4495-a8de-9fdd9de5228d-1674555952f0194ac7-5","template--14487983751214__90eac3bc-b0c2-4495-a8de-9fdd9de5228d-1674555952f0194ac7-6","template--14487983751214__90eac3bc-b0c2-4495-a8de-9fdd9de5228d-1674555952f0194ac7-7","template--14487983751214__90eac3bc-b0c2-4495-a8de-9fdd9de5228d-1674555952f0194ac7-8","template--14487983751214__90eac3bc-b0c2-4495-a8de-9fdd9de5228d-1674555952f0194ac7-9","template--14487983751214__90eac3bc-b0c2-4495-a8de-9fdd9de5228d-1674555952f0194ac7-10","template--14487983751214__90eac3bc-b0c2-4495-a8de-9fdd9de5228d-1674555952f0194ac7-11"],"settings":{"enable_sticky_product":true,"enable_video_looping":false,"maintitle":"Natural Beauty Products","featuredproduct":"anti-aging-cream","show_description_tab":true,"show_review_tab":true,"show_contact_tab":true,"custom_tab1":"","custom_tab1_description":"","custom_tab2":"","custom_tab2_description":"Custom Tab2 Content","custom_tab3":"","custom_tab3_description":"Custom Tab3 Content","section_bottom_spacing_desktop":70,"section_bottom_spacing_mobile":30}},"fffdc075-d537-41f9-9219-a95523c06603":{"type":"videoblock","settings":{"video_url":"https:\/\/www.youtube.com\/watch?v=wH3s5zscg7A","overlay_opacity":66,"textposition":"center","title1":"Natural Beauty","subtitle":"<p>Made using clean, non-toxic ingredients, our products are designed for everyone.<\/p>","button_label":"SHOP NOW","button_link":"shopify:\/\/collections\/body-care","section_bottom_spacing_desktop":70,"section_bottom_spacing_mobile":30}},"5ca21bd6-c599-4cb7-bb15-d5b7d90433dc":{"type":"Ishi_manufactureblock","blocks":{"template--14487983751214__5ca21bd6-c599-4cb7-bb15-d5b7d90433dc-1673954006b1b006e5-0":{"type":"logo_image","settings":{"image":"shopify:\/\/shop_images\/2_c01e2def-50fa-4527-b8ea-361e7f47e51e.png","link":""}},"template--14487983751214__5ca21bd6-c599-4cb7-bb15-d5b7d90433dc-1673954006b1b006e5-1":{"type":"logo_image","settings":{"image":"shopify:\/\/shop_images\/logo1_c8e21956-26c5-43c9-8780-45f65093d04a.png","link":""}},"template--14487983751214__5ca21bd6-c599-4cb7-bb15-d5b7d90433dc-1673954006b1b006e5-2":{"type":"logo_image","settings":{"image":"shopify:\/\/shop_images\/4_97f23b42-f2ab-4dba-8c87-82d2906beaa8.png","link":""}},"template--14487983751214__5ca21bd6-c599-4cb7-bb15-d5b7d90433dc-1673954006b1b006e5-3":{"type":"logo_image","settings":{"image":"shopify:\/\/shop_images\/5.png","link":""}},"b3df7289-cad5-47da-9f1b-7f093bf011ff":{"type":"logo_image","settings":{"image":"shopify:\/\/shop_images\/4_7a65dba0-642e-4171-b212-f910768f681a.png","link":""}}},"block_order":["template--14487983751214__5ca21bd6-c599-4cb7-bb15-d5b7d90433dc-1673954006b1b006e5-0","template--14487983751214__5ca21bd6-c599-4cb7-bb15-d5b7d90433dc-1673954006b1b006e5-1","template--14487983751214__5ca21bd6-c599-4cb7-bb15-d5b7d90433dc-1673954006b1b006e5-2","template--14487983751214__5ca21bd6-c599-4cb7-bb15-d5b7d90433dc-1673954006b1b006e5-3","b3df7289-cad5-47da-9f1b-7f093bf011ff"],"settings":{"section_bottom_spacing_desktop":70,"section_bottom_spacing_mobile":30}},"932b2f9d-4794-4c50-932e-13fbbf16042c":{"type":"Verticalfeatures","blocks":{"template--14487983751214__932b2f9d-4794-4c50-932e-13fbbf16042c-1674555299af0fbb5a-0":{"type":"image","settings":{"title1":"Joyful Mood","sub_title":"Lorem ipsum dolor sit amet, consectetur\nerra. Etiam id sit donec \ninteger"}},"template--14487983751214__932b2f9d-4794-4c50-932e-13fbbf16042c-1674555299af0fbb5a-1":{"type":"image","settings":{"title1":"Shining Skin","sub_title":"Lorem ipsum dolor sit amet, consectetur\nerra. Etiam id sit donec \ninteger"}},"template--14487983751214__932b2f9d-4794-4c50-932e-13fbbf16042c-1674555299af0fbb5a-2":{"type":"image","settings":{"title1":"Nature Face","sub_title":"Lorem ipsum dolor sit amet, consectetur\nerra. Etiam id sit donec \ninteger"}},"template--14487983751214__932b2f9d-4794-4c50-932e-13fbbf16042c-1674555299af0fbb5a-3":{"type":"image","settings":{"title1":"Improve Skin Glow","sub_title":"Lorem ipsum dolor sit amet, consectetur\nerra. Etiam id sit donec \ninteger"}},"42b43c7a-4c90-4ed9-ae1f-62e852602930":{"type":"image","settings":{"title1":"Bring Comfort","sub_title":"Lorem ipsum dolor sit amet, consectetur\nerra. Etiam id sit donec \ninteger"}},"57447ceb-b5b2-4b23-a381-0bdfb7ec10bf":{"type":"image","settings":{"title1":"Reduce Stress","sub_title":"Lorem ipsum dolor sit amet, consectetur\nerra. Etiam id sit donec \ninteger"}}},"block_order":["template--14487983751214__932b2f9d-4794-4c50-932e-13fbbf16042c-1674555299af0fbb5a-0","template--14487983751214__932b2f9d-4794-4c50-932e-13fbbf16042c-1674555299af0fbb5a-1","template--14487983751214__932b2f9d-4794-4c50-932e-13fbbf16042c-1674555299af0fbb5a-2","template--14487983751214__932b2f9d-4794-4c50-932e-13fbbf16042c-1674555299af0fbb5a-3","42b43c7a-4c90-4ed9-ae1f-62e852602930","57447ceb-b5b2-4b23-a381-0bdfb7ec10bf"],"settings":{"title1":"Why Choose Us","bannerimage":"shopify:\/\/shop_images\/img_1_1.png","features-btn":"VIEW MORE","btn_link":"","section_bottom_spacing_desktop":70,"section_bottom_spacing_mobile":30}},"3f690849-b7e1-4b3b-a121-24c5e8bb9e66":{"type":"Ishi_blogstyle2","settings":{"maintitle":"Blog & Insights","blog":"cosmetic","post_limit":6,"blog_show_author":false,"blog_show_date":true,"blog_show_comment":false,"show_view_all":false,"section_bottom_spacing_desktop":70,"section_bottom_spacing_mobile":30}},"91c845eb-2c7f-47e6-867d-be983268aac4":{"type":"Ishi_newsletterblock","settings":{"newsletterimage":"shopify:\/\/shop_images\/Rectangle_1567_1.png","newslettercolor":"#f8f8f8","newslettertextcolor":"#333333","desccolor":"#777777","subtitlecolor":"#666666","newsletter_padding":80,"fixed":false,"hometitle":"Sign up now & get 10% off","desc":"Lorem ipsum dolor sit amet, consectetur adipiscing Gravida not do nec not up inter not up to now tinsucyre...","Subtitle":"By subscribing, you accept the","button_label":"Privacy Policy","button_link":"shopify:\/\/policies\/privacy-policy","section_bottom_spacing_desktop":0,"section_bottom_spacing_mobile":0}}},"order":["16289212707c98911d","162935800064a32fb5","b5bd68c6-82de-4515-b259-641498796f45","d95ada93-5828-41b5-8223-e383f01ca288","450377cb-7739-47a9-a0dd-b93ea8cc5008","90eac3bc-b0c2-4495-a8de-9fdd9de5228d","fffdc075-d537-41f9-9219-a95523c06603","5ca21bd6-c599-4cb7-bb15-d5b7d90433dc","932b2f9d-4794-4c50-932e-13fbbf16042c","3f690849-b7e1-4b3b-a121-24c5e8bb9e66","91c845eb-2c7f-47e6-867d-be983268aac4"]}