{"sections":{"about-banner":{"type":"about-banner","settings":{"image":"shopify:\/\/shop_images\/1_12.png","image_position":"left","bannerhover":"fadeinoutrotatevertical","bannerimage_link":"\/","heading":"We Have Everything You Need ?","info":"<p>Faded short sleeves t-shirt with high neckline. Soft and stretchy material for a comfortable fit. Accessorize with a straw hat and you're ready for summer!<\/p>\n<h4>Sample Unordered List<\/h4>\n<ul>\n<li>Lorem ipsum, or lipsum as it is sometimes known<\/li>\n<li>Dummy text used in laying out print, graphic or web designs<\/li>\n<li>The passage is attributed to.<\/li>\n<li>Proin molestie egestas orci ac suscipit risus posuere loremou.<\/li>\n<li>Dummy text used in laying out print, graphic or web designs<\/li>\n<\/ul>","about_btn":"Contact Us","btn_link":"shopify:\/\/pages\/contact","section_bottom_spacing_desktop":70,"section_bottom_spacing_mobile":30}},"Ishi_serviceblock":{"type":"Ishi_serviceblock","blocks":{"c1133d8d-11ea-4de0-b773-d6bf5a2674d6":{"type":"image","settings":{"service-image":"shopify:\/\/shop_images\/91.png","service-title":"FREE RESOURCES","service-desc":"Bring to the table win-win survival strategies to ensure proactive domination.","link":"\/"}},"db0bd470-0de7-4d3a-8387-cccdb0352865":{"type":"image","settings":{"service-image":"shopify:\/\/shop_images\/92.png","service-title":"MULTI PURPOSE","service-desc":"Bring to the table win-win survival strategies to ensure proactive domination.","link":"\/"}},"8df044fd-c9f4-4772-bcdf-2663e55b00a0":{"type":"image","settings":{"service-image":"shopify:\/\/shop_images\/93.png","service-title":"FULLY RESPONSIVE","service-desc":"Bring to the table win-win survival strategies to ensure proactive domination.","link":"\/"}}},"block_order":["c1133d8d-11ea-4de0-b773-d6bf5a2674d6","db0bd470-0de7-4d3a-8387-cccdb0352865","8df044fd-c9f4-4772-bcdf-2663e55b00a0"],"settings":{"subtitle":"","hometitle":"Our Services","service_width":"3","icon_position":"center","section_bottom_spacing_desktop":70,"section_bottom_spacing_mobile":30}},"1627293184077d33fa":{"type":"about-banner","settings":{"image":"shopify:\/\/shop_images\/2_f637e2bf-109b-4536-b520-e55504d2b66c.png","image_position":"right","bannerhover":"fadeinrotate","bannerimage_link":"\/","heading":"We Have Everything You Need ?","info":"<p>Faded short sleeves t-shirt with high neckline. Soft and stretchy material for a comfortable fit. Accessorize with a straw hat and you're ready for summer!<\/p>\n<h4>Sample Ordered List<\/h4>\n<ol>\n<li>Comodous in tempor ullamcorper miaculis<\/li>\n<li>Pellentesque vitae neque mollis urna mattis laoreet.<\/li>\n<li>Divamus sit amet purus justo.<\/li>\n<li>Comodous in tempor ullamcorper miaculis<\/li>\n<li>Proin molestie egestas orci ac suscipit risus posuere loremous<\/li>\n<\/ol>","about_btn":"Contact Us","btn_link":"shopify:\/\/pages\/contact","section_bottom_spacing_desktop":70,"section_bottom_spacing_mobile":30}}},"order":["about-banner","Ishi_serviceblock","1627293184077d33fa"]}