{"sections":{"main":{"type":"main-product","blocks":{"title":{"type":"title","settings":{"title_margin":10}},"review":{"type":"review","settings":{"review_margin":5}},"price":{"type":"price","settings":{"price_margin":5}},"product_information":{"type":"product_information","settings":{"show_vendor":true,"show_type":true,"show_sku":true,"internal_margin":5,"block_margin":10}},"wishlist_sizechart":{"type":"wishlist_sizechart","settings":{"show_wishlist":true,"sizechart_text":"Sizechart","sizechart_page":"size-chart","wishlist_sizechart_margin":5}},"progressbar":{"type":"progressbar","settings":{"current_quantity":10,"progressbar_margin":10}},"variant_picker":{"type":"variant_picker","settings":{"variant_picker_margin":10}},"quantity_selector":{"type":"quantity_selector","settings":{"quantity_selector_margin":20}},"buy_buttons":{"type":"buy_buttons","settings":{"show_dynamic_checkout":true,"buy_buttons_margin":20}},"reassurance":{"type":"reassurance","settings":{"reassurance-image1":"shopify:\/\/shop_images\/4_dacd8cc4-83cb-4ff5-a8f6-e6cb7ec90ccb.png","reassurance-title1":"Free Delivery","reassurance-desc1":"Lorem Ipsum dummy","reassurance-image2":"shopify:\/\/shop_images\/3_13fb7794-656a-4262-999c-b5541e88a226.png","reassurance-title2":"Way To Buy","reassurance-desc2":"Lorem Ipsum dummy","reassurance-image3":"shopify:\/\/shop_images\/2_d8d7ee48-f6c3-4534-86e0-1da8ccdf3c9a.png","reassurance-title3":"Personal Session","reassurance-desc3":"Lorem Ipsum dummy","reassurance-image4":"shopify:\/\/shop_images\/1_9c1ee098-62df-4a22-b5fe-911e01f21b18.png","reassurance-title4":"Gift Voucher","reassurance-desc4":"Lorem Ipsum dummy","reassurance_margin":20}},"trusted_image":{"type":"trusted_image","settings":{"trust-image":"shopify:\/\/shop_images\/trust_387x42_a9670ed6-0152-4cff-82a3-0b94ec0cbc8b.png","trusted_image_margin":20}},"0325e728-054b-430f-a8e0-5866fa97bef5":{"type":"share","settings":{"share_margin":5}}},"block_order":["title","review","price","product_information","wishlist_sizechart","progressbar","variant_picker","quantity_selector","buy_buttons","reassurance","trusted_image","0325e728-054b-430f-a8e0-5866fa97bef5"],"settings":{"enable_sticky_product":true,"enable_video_looping":true}},"product-tab":{"type":"product-tab","blocks":{"83bb2f5a-093c-4e82-9dcf-393434ace660":{"type":"description-tab","settings":{}},"47877f8d-737c-4cfd-ad1f-885f2b812fc6":{"type":"review-tab","settings":{}},"6060601f-c8a7-4263-a2bb-be644e28686b":{"type":"custom-tab","settings":{"tab_title":"Shipping & Returns","tab_description":"shipping-return"}},"099a2bc0-6a9e-4837-b55e-2d7438af21a4":{"type":"html-tab","settings":{"html_title":"Tab Title","html_description":"This is a custom product tab. You can set different content for tabs for each product. You can add content of the tabs in the admin on product configuration page.\n<div class=\"\">xvdg<\/div>"}}},"block_order":["83bb2f5a-093c-4e82-9dcf-393434ace660","47877f8d-737c-4cfd-ad1f-885f2b812fc6","6060601f-c8a7-4263-a2bb-be644e28686b","099a2bc0-6a9e-4837-b55e-2d7438af21a4"],"settings":{"section_bottom_spacing_desktop":70,"section_bottom_spacing_mobile":30}},"product-recommendations":{"type":"product-recommendations","settings":{"subtitle":"","hometitle":"You May Also Like","products_to_show":4,"grid":"4","swipe_on_mobile":true}}},"order":["main","product-tab","product-recommendations"]}