{"sections":{"16289212707c98911d":{"type":"Ishi_slideshow","blocks":{"16289212707c98911d-0":{"type":"slide_image","settings":{"image":"shopify:\/\/shop_images\/Rectangle_1532_a28eba99-2e7f-46d9-8514-89d5344046ab.png","text_position":"left","textalignment":"center","subtitle":"GET 50% OFF","subtitlecolor":"#333333","maintitle":"Your Beauty Comes From Within","maintitlecolor":"#333333","desc":"Skincare made with the world’s finest plant oils and absolutes.","desccolor":"#777777","button_label":"SHOP NOW","link":"shopify:\/\/collections\/body-care","image1":"shopify:\/\/shop_images\/1_10_e1b8d6fa-1d30-40f0-9861-9c0432e0a709.png","text_position1":"left","textalignment1":"center"}},"e8c25538-f73a-485f-982e-20e17de2f43b":{"type":"slide_image","settings":{"image":"shopify:\/\/shop_images\/Rectangle_1530.png","text_position":"right","textalignment":"center","subtitle":"NEW ARRIVALS","subtitlecolor":"#333333","maintitle":"Natural Beauty Face & Skin Glow","maintitlecolor":"#333333","desc":"Products that harness the power of 100% natural.","desccolor":"#777777","button_label":"SHOP NOW","link":"shopify:\/\/collections\/body-care","image1":"shopify:\/\/shop_images\/2_9.png","text_position1":"right","textalignment1":"center"}}},"block_order":["16289212707c98911d-0","e8c25538-f73a-485f-982e-20e17de2f43b"],"settings":{"section_bottom_spacing_desktop":70,"section_bottom_spacing_mobile":30,"section_left-right_spacing_mobile":55}},"162935800064a32fb5":{"type":"Ishi_featured_product","blocks":{"162935800064a32fb5-0":{"type":"product_tab","settings":{"title":"","collection":"fragrances","show_view_all":true}}},"block_order":["162935800064a32fb5-0"],"settings":{"hometitle":"This Week’s Highlight","products_to_show":4,"grid":"4","swipe_on_mobile":true,"section_bottom_spacing_desktop":70,"section_bottom_spacing_mobile":30}},"b5bd68c6-82de-4515-b259-641498796f45":{"type":"Ishi_servicestyle1","blocks":{"template--14487983751214__b5bd68c6-82de-4515-b259-641498796f45-1673936512449a7fb9-0":{"type":"image","settings":{"service-image":"shopify:\/\/shop_images\/eco-friendly_1.png","service-title":"100% Organic","service-desc":"Lorem ipsum dolor sit amet consectetuerra ali","link":"shopify:\/\/collections\/fragrances"}},"template--14487983751214__b5bd68c6-82de-4515-b259-641498796f45-1673936512449a7fb9-1":{"type":"image","settings":{"service-image":"shopify:\/\/shop_images\/cruelty-free_1.png","service-title":"Completely Cruelty-Free","service-desc":"Lorem ipsum dolor sit amet consectetuerra ali","link":"shopify:\/\/collections\/makeup"}},"template--14487983751214__b5bd68c6-82de-4515-b259-641498796f45-1673936512449a7fb9-2":{"type":"image","settings":{"service-image":"shopify:\/\/shop_images\/bowl.png","service-title":"Ingredient Sourcing","service-desc":"Lorem ipsum dolor sit amet consectetuerra ali","link":"shopify:\/\/collections\/body-care"}},"template--14487983751214__b5bd68c6-82de-4515-b259-641498796f45-1673936512449a7fb9-3":{"type":"image","settings":{"service-image":"shopify:\/\/shop_images\/cosmetics_4_1.png","service-title":"Clean Cosmetics","service-desc":"Lorem ipsum dolor sit amet consectetuerra ali","link":"shopify:\/\/collections\/skin-care"}}},"block_order":["template--14487983751214__b5bd68c6-82de-4515-b259-641498796f45-1673936512449a7fb9-0","template--14487983751214__b5bd68c6-82de-4515-b259-641498796f45-1673936512449a7fb9-1","template--14487983751214__b5bd68c6-82de-4515-b259-641498796f45-1673936512449a7fb9-2","template--14487983751214__b5bd68c6-82de-4515-b259-641498796f45-1673936512449a7fb9-3"],"settings":{"hometitle":"Why Shop With Shallow?","section_bottom_spacing_desktop":70,"section_bottom_spacing_mobile":30}},"b377ddd8-32e7-4fc5-a2b2-998f54f1f029":{"type":"Ishi_testimonialblock","blocks":{"template--14487983751214__b377ddd8-32e7-4fc5-a2b2-998f54f1f029-1674630783e2d120f4-1":{"type":"testimonial_block","settings":{"test-image":"shopify:\/\/shop_images\/Rectangle_1533.png","showratting":true,"review":"3","name":"John Doe-","designation":"Web Desginer","test-text":"“Lorem ipsum dolor sit amet, consectetur adipiscing elit. Gravida volume have not cosmo \n exten tetur adipiscing elit. Gravida volsapien viverra. Etiam id sit don sapien entuncia po\nviverra. Etiam id sit donec integer dui the mame foe”"}},"template--14487983751214__b377ddd8-32e7-4fc5-a2b2-998f54f1f029-1674630783e2d120f4-0":{"type":"testimonial_block","settings":{"test-image":"shopify:\/\/shop_images\/Rectangle_1532.png","showratting":true,"review":"1","name":"John Doe-","designation":"Web Desginer","test-text":"“Lorem ipsum dolor sit amet, consectetur adipiscing elit. Gravida volume have not cosmo \n exten tetur adipiscing elit. Gravida volsapien viverra. Etiam id sit don sapien entuncia po\nviverra. Etiam id sit donec integer dui the mame foe”"}},"template--14487983751214__b377ddd8-32e7-4fc5-a2b2-998f54f1f029-1674630783e2d120f4-2":{"type":"testimonial_block","settings":{"test-image":"shopify:\/\/shop_images\/Rectangle_1534.png","showratting":true,"review":"2","name":"John Doe-","designation":"Web Desginer","test-text":"“Lorem ipsum dolor sit amet, consectetur adipiscing elit. Gravida volume have not cosmo \n exten tetur adipiscing elit. Gravida volsapien viverra. Etiam id sit don sapien entuncia po\nviverra. Etiam id sit donec integer dui the mame foe”"}}},"block_order":["template--14487983751214__b377ddd8-32e7-4fc5-a2b2-998f54f1f029-1674630783e2d120f4-1","template--14487983751214__b377ddd8-32e7-4fc5-a2b2-998f54f1f029-1674630783e2d120f4-0","template--14487983751214__b377ddd8-32e7-4fc5-a2b2-998f54f1f029-1674630783e2d120f4-2"],"settings":{"image":"shopify:\/\/shop_images\/bg_1.png","bgcolor":"radial-gradient(rgba(254, 255, 250, 1), rgba(255, 255, 255, 1) 0.01%, rgba(227, 245, 211, 1) 100%)","textcolor1":"#333333","textcolor2":"#777777","space":70,"section_bottom_spacing_desktop":70,"section_bottom_spacing_mobile":30}},"11eabe5b-f718-4c75-95c0-8a6ab9255538":{"type":"Ishi_categoryblock2","blocks":{"bfeeb0cf-c98c-4c06-924f-0e4a25688ba5":{"type":"image","settings":{"image":"shopify:\/\/shop_images\/Rectangle_1551.png","title":"Hair Care","button_link":"shopify:\/\/collections\/skin-care"}},"e5e0306f-3e98-4f24-91c6-4160f641ed32":{"type":"image","settings":{"image":"shopify:\/\/shop_images\/Rectangle_1551_1.png","title":"Organic Soap","button_link":"shopify:\/\/collections\/makeup"}},"69a843b7-7729-4999-9242-3cae4a75321a":{"type":"image","settings":{"image":"shopify:\/\/shop_images\/Rectangle_1551_2.png","title":"Skin Care","button_link":"shopify:\/\/collections\/skin-care"}},"79441c52-4848-4e1f-a5fb-5bfd3072d4ab":{"type":"image","settings":{"image":"shopify:\/\/shop_images\/Rectangle_1551_3.png","title":"Fragrance","button_link":"shopify:\/\/collections\/fragrances"}},"31e63acd-45ea-47c5-b467-aa97d849055f":{"type":"image","settings":{"image":"shopify:\/\/shop_images\/Rectangle_1552.png","title":"Fragrance","button_link":"shopify:\/\/collections\/fragrances"}},"4ade4780-578f-4c41-ae75-0ef3458eb92d":{"type":"image","settings":{"image":"shopify:\/\/shop_images\/Rectangle_1552_1.png","title":"Face Wash","button_link":"shopify:\/\/collections\/body-care"}}},"block_order":["bfeeb0cf-c98c-4c06-924f-0e4a25688ba5","e5e0306f-3e98-4f24-91c6-4160f641ed32","69a843b7-7729-4999-9242-3cae4a75321a","79441c52-4848-4e1f-a5fb-5bfd3072d4ab","31e63acd-45ea-47c5-b467-aa97d849055f","4ade4780-578f-4c41-ae75-0ef3458eb92d"],"settings":{"title1":"Shop Your Favourites","section_bottom_spacing_desktop":70,"section_bottom_spacing_mobile":30}},"a0c1ea4b-c35d-48d2-b12f-6ce03cd2d85c":{"type":"Verticalfeatures_2","blocks":{"template--14487983751214__a0c1ea4b-c35d-48d2-b12f-6ce03cd2d85c-167455560228ff01d5-0":{"type":"image","settings":{"image":"shopify:\/\/shop_images\/woman_2.png","featuredtitle":"Shining Skin","featureddesc":"Lorem ipsum dolor sit amet, conc"}},"template--14487983751214__a0c1ea4b-c35d-48d2-b12f-6ce03cd2d85c-167455560228ff01d5-1":{"type":"image","settings":{"image":"shopify:\/\/shop_images\/img.png","featuredtitle":"Bring Comfort","featureddesc":"Lorem ipsum dolor sit amet, conconsur in the done"}},"template--14487983751214__a0c1ea4b-c35d-48d2-b12f-6ce03cd2d85c-167455560228ff01d5-2":{"type":"image","settings":{"image":"shopify:\/\/shop_images\/make-up_2.png","featuredtitle":"Reduce Stress","featureddesc":"Lorem ipsum dolor sit amet, conconsur for"}},"template--14487983751214__a0c1ea4b-c35d-48d2-b12f-6ce03cd2d85c-167455560228ff01d5-3":{"type":"image","settings":{"image":"shopify:\/\/shop_images\/cosmetics_3_2.png","featuredtitle":"Improve Skin Glow","featureddesc":"Lorem ipsum dolor sit amet"}}},"block_order":["template--14487983751214__a0c1ea4b-c35d-48d2-b12f-6ce03cd2d85c-167455560228ff01d5-0","template--14487983751214__a0c1ea4b-c35d-48d2-b12f-6ce03cd2d85c-167455560228ff01d5-1","template--14487983751214__a0c1ea4b-c35d-48d2-b12f-6ce03cd2d85c-167455560228ff01d5-2","template--14487983751214__a0c1ea4b-c35d-48d2-b12f-6ce03cd2d85c-167455560228ff01d5-3"],"settings":{"hometitle":"Beauty Glow Starts With Shallow Cosmetic Products","banner":"shopify:\/\/shop_images\/img_1.png","banner_position":"left","button_label":"LEARN MORE","link":"shopify:\/\/pages\/about-us-1","section_bottom_spacing_desktop":70,"section_bottom_spacing_mobile":30}},"8ec7a0f8-c5d6-468e-85ea-f6298356129c":{"type":"ishi_bannerwithtextblock","blocks":{"df38cef2-6a53-47c7-97c0-4eb44c747e0f":{"type":"image","settings":{"bannerimage1":"shopify:\/\/shop_images\/Rectangle_1486.png","banner_position":"left","bgcolor":"#f7f9f1","subtitlecolor":"#777777","maintitlecolor":"#333333","subtitle":"25% Off On Everything","title1":"A Better Way To Feel Better","storyblock-desc":"Lorem ipsum dolor sit amet, consectetur adipiscing elit. Gravida vol\nsapien viverra. Etiam id sit donec integer tincidunt","startdate":"2023-01-01","enddate":"2024-01-01","story-btn":"SHOP NOW","btn_link":"shopify:\/\/collections\/body-care"}},"2387a36a-e8d1-4450-90c7-59d5cc15aa6b":{"type":"image","settings":{"bannerimage1":"shopify:\/\/shop_images\/Rectangle_1488.png","banner_position":"right","bgcolor":"#f7f9f1","subtitlecolor":"#777777","maintitlecolor":"#333333","subtitle":"We Belive In Natural Beauty","title1":"Skin Nourishment Night Cream & Oil","storyblock-desc":"<p>Lorem ipsum dolor sit amet, consectetur adipiscing elit. Gravida volutpat\nsapien viverra. Etiam id sit donec integer tincidunt vestibulum. Com\nmolestitincidunt<\/p>","startdate":"","enddate":"","story-btn":"SHOP NOW","btn_link":"shopify:\/\/collections\/fragrances"}}},"block_order":["df38cef2-6a53-47c7-97c0-4eb44c747e0f","2387a36a-e8d1-4450-90c7-59d5cc15aa6b"],"settings":{"bannerblock_bottom_spacing":0,"section_bottom_spacing_desktop":70,"section_bottom_spacing_mobile":30}},"70e2105a-616c-4de8-93dd-841e8a87058b":{"type":"Ishi_blogstyle1","settings":{"hometitle":"Blog & Insights","blog":"cosmetic","post_limit":6,"blog_show_author":false,"blog_show_date":true,"blog_show_comment":false,"show_view_all":false,"section_bottom_spacing_desktop":70,"section_bottom_spacing_mobile":30}},"5ca21bd6-c599-4cb7-bb15-d5b7d90433dc":{"type":"Ishi_manufactureblock","blocks":{"template--14487983751214__5ca21bd6-c599-4cb7-bb15-d5b7d90433dc-1673954006b1b006e5-0":{"type":"logo_image","settings":{"image":"shopify:\/\/shop_images\/2_c01e2def-50fa-4527-b8ea-361e7f47e51e.png","link":""}},"template--14487983751214__5ca21bd6-c599-4cb7-bb15-d5b7d90433dc-1673954006b1b006e5-1":{"type":"logo_image","settings":{"image":"shopify:\/\/shop_images\/logo1_c8e21956-26c5-43c9-8780-45f65093d04a.png","link":""}},"template--14487983751214__5ca21bd6-c599-4cb7-bb15-d5b7d90433dc-1673954006b1b006e5-2":{"type":"logo_image","settings":{"image":"shopify:\/\/shop_images\/4_97f23b42-f2ab-4dba-8c87-82d2906beaa8.png","link":""}},"template--14487983751214__5ca21bd6-c599-4cb7-bb15-d5b7d90433dc-1673954006b1b006e5-3":{"type":"logo_image","settings":{"image":"shopify:\/\/shop_images\/5.png","link":""}},"b3df7289-cad5-47da-9f1b-7f093bf011ff":{"type":"logo_image","settings":{"image":"shopify:\/\/shop_images\/4_7a65dba0-642e-4171-b212-f910768f681a.png","link":""}}},"block_order":["template--14487983751214__5ca21bd6-c599-4cb7-bb15-d5b7d90433dc-1673954006b1b006e5-0","template--14487983751214__5ca21bd6-c599-4cb7-bb15-d5b7d90433dc-1673954006b1b006e5-1","template--14487983751214__5ca21bd6-c599-4cb7-bb15-d5b7d90433dc-1673954006b1b006e5-2","template--14487983751214__5ca21bd6-c599-4cb7-bb15-d5b7d90433dc-1673954006b1b006e5-3","b3df7289-cad5-47da-9f1b-7f093bf011ff"],"settings":{"section_bottom_spacing_desktop":70,"section_bottom_spacing_mobile":30}},"b355d7ff-ebe6-4b17-b026-715c79b3c0d3":{"type":"Ishi_galleryblock","blocks":{"7043c940-489a-4a14-b0f7-4634129ffb53":{"type":"gallery_image","settings":{"image":"shopify:\/\/shop_images\/1_5.png"}},"124dc32f-9b51-4a92-a801-32f013c9bc7b":{"type":"gallery_image","settings":{"image":"shopify:\/\/shop_images\/3_41b42edd-49bd-488b-a58e-f3a1a17a831b.png"}},"6c14733e-dd82-407f-bfb9-e492e8fac298":{"type":"gallery_image","settings":{"image":"shopify:\/\/shop_images\/4_2.png"}},"2977ec2c-28f2-4bb6-8c7b-51463b4b4716":{"type":"gallery_image","settings":{"image":"shopify:\/\/shop_images\/5_1.png"}},"e1f46fcb-4c28-4ac9-ba44-30ab42f22e38":{"type":"gallery_image","settings":{"image":"shopify:\/\/shop_images\/6_1.png"}},"b223f9f4-2073-4a10-83ba-cd1144ac2da3":{"type":"gallery_image","settings":{"image":"shopify:\/\/shop_images\/2_12.png"}}},"block_order":["7043c940-489a-4a14-b0f7-4634129ffb53","124dc32f-9b51-4a92-a801-32f013c9bc7b","6c14733e-dd82-407f-bfb9-e492e8fac298","2977ec2c-28f2-4bb6-8c7b-51463b4b4716","e1f46fcb-4c28-4ac9-ba44-30ab42f22e38","b223f9f4-2073-4a10-83ba-cd1144ac2da3"],"settings":{"hometitle":"Our Gallery","section_bottom_spacing_desktop":0,"section_bottom_spacing_mobile":0}}},"order":["16289212707c98911d","162935800064a32fb5","b5bd68c6-82de-4515-b259-641498796f45","b377ddd8-32e7-4fc5-a2b2-998f54f1f029","11eabe5b-f718-4c75-95c0-8a6ab9255538","a0c1ea4b-c35d-48d2-b12f-6ce03cd2d85c","8ec7a0f8-c5d6-468e-85ea-f6298356129c","70e2105a-616c-4de8-93dd-841e8a87058b","5ca21bd6-c599-4cb7-bb15-d5b7d90433dc","b355d7ff-ebe6-4b17-b026-715c79b3c0d3"]}