{"sections":{"main":{"type":"faq-page","blocks":{"f88f8442-60b0-418d-94fe-cba76c422b4b":{"type":"faq-block","settings":{"faq-title":"How long is Lorem Ipsum?","faq-subtitle":"Lorem ipsum dolor sit amet, consectetur adipiscing elit, sed do eiusmod tempor incididunt ut labore et dolore magna aliqua. Ut enim ad minim veniam, quis nostrud exercitation ullamco laboris nisi ut aliquip ex ea commodo consequat. Duis aute irure dolor in reprehenderit in voluptate velit esse cillum dolore eu fugiat nulla pariatur. Excepteur sint occaecat cupidatat non proident."}},"91e0bf0f-3401-427d-8f79-5a4152a729e5":{"type":"faq-block","settings":{"faq-title":"What is a Lorem Ipsum generator?","faq-subtitle":"<p>Faded short sleeves t-shirt with high neckline. Soft and stretchy material for a comfortable fit. Accessorize with a straw hat and you're ready for summer!<\/p>\n<h4>Sample Unordered List<\/h4>\n<ul>\n<li>Comodous in tempor ullamcorper miaculis<\/li>\n<li>Pellentesque vitae neque mollis urna mattis laoreet.<\/li>\n<li>Divamus sit amet purus justo.<\/li>\n<li>Proin molestie egestas orci ac suscipit risus posuere loremou.<\/li>\n<\/ul>"}},"9665c9d7-7224-49ef-a674-b3d4e106fcce":{"type":"faq-block","settings":{"faq-title":"Minim veniam quis enim?","faq-subtitle":"tempor incididunt ut labore et dolore magna aliqua. Ut enim ad minim veniam, quis nostrud exercitation ullamco laboris nisi ut aliquip ex ea commodo consequat. Duis aute irure dolor in reprehenderit in voluptate velit esse cillum dolore eu fugiat nulla pariatur. Excepteur sint occaecat cupidatat non proident, sunt in culpa qui officia deserunt mollit anim id est laborum."}},"21837d3c-5307-481d-89a2-c6c77915056b":{"type":"faq-block","settings":{"faq-title":"Ut enim ad minim veniam quis nostrud?","faq-subtitle":"<p>tempor incididunt ut labore et dolore magna aliqua. Ut enim ad minim veniam, quis nostrud exercitation ullamco laboris nisi ut aliquip ex ea commodo consequat.<\/p>\n<h4>Sample Ordered List<\/h4>\n<ol>\n<li>Comodous in tempor ullamcorper miaculis<\/li>\n<li>Pellentesque vitae neque mollis urna mattis laoreet.<\/li>\n<li>Divamus sit amet purus justo.<\/li>\n<li>Proin molestie egestas orci ac suscipit risus posuere loremous<\/li>\n<\/ol>"}},"cf7231a4-a053-4814-bf63-145522c48fcf":{"type":"faq-block","settings":{"faq-title":"who is thought to have scrambled parts of Cicero?","faq-subtitle":"The purpose of lorem ipsum is to create a natural looking block of text (sentence, paragraph, page, etc.) that doesn't distract from the layout. A practice not without controversy, laying out pages with meaningless filler text can be very useful when the focus is meant to be on design, not content."}},"d8f59d79-47a3-489d-ac22-010ae378e9cc":{"type":"faq-block","settings":{"faq-title":"What is the use of Lorem Ipsum?","faq-subtitle":"<p>In publishing and graphic design, lorem ipsum is a filler text commonly used to demonstrate the graphic elements of a document or visual presentation. <\/p>\n<h4>Sample Paragraph Text<\/h4>\n<blockquote>\n<p>Faded short sleeves t-shirt with high neckline. Soft and stretchy material for a comfortable fit. Accessorize with a straw hat and you're ready for summer!Faded short sleeves t-shirt with high neckline. Soft and stretchy material for a comfortable fit. Accessorize with a straw hat and you're ready for summe!<\/p>\n<\/blockquote>"}},"4618ee47-6b95-43b5-aaf5-07665b1ddd6f":{"type":"faq-block","settings":{"faq-title":"How do I generate Lorem Ipsum in Word?","faq-subtitle":"Lorem ipsum, or lipsum as it is sometimes known, is dummy text used in laying out print, graphic or web designs. The passage is attributed to an unknown typesetter in the 15th century who is thought to have scrambled parts of Cicero's De Finibus Bonorum et Malorum for use in a type specimen book"}},"fcdee481-7fd4-416a-b594-0ef974b00dc0":{"type":"faq-block","settings":{"faq-title":"What is Lorem Ipsum in HTML?","faq-subtitle":"sed do eiusmod tempor incididunt ut labore et dolore magna aliqua. Ut enim ad minim veniam, quis nostrud exercitation ullamco laboris nisi ut aliquip ex ea commodo consequat. Duis aute irure dolor in reprehenderit in voluptate velit esse cillum dolore eu fugiat nulla pariatur. Excepteur sint occaecat cupidatat non proident, sunt in culpa qui officia deserunt mollit anim id est laborum."}},"db2c0b9c-e6c1-4d28-93b5-60db0392fc80":{"type":"faq-block","settings":{"faq-title":"How do I get Lorem Ipsum text in Sublime Text?","faq-subtitle":"An extension for Sublime Text 2 and 3! It allows you to Insert Lorem Ipsum in the editor via menu items or keyboard shortcut. Select how much text you want from the menu item in Lorem Ipsum or on the right click menu in Lorem Ipsum to add Lorem Ipsum text."}},"e68a577f-5480-4c76-944c-8cd9cc5a86d9":{"type":"faq-block","settings":{"faq-title":"Lorem Ipsum generator?","faq-subtitle":"tempor incididunt ut labore et dolore magna aliqua. Ut enim ad minim veniam, quis nostrud exercitation ullamco laboris nisi ut aliquip ex ea commodo consequat. Duis aute irure dolor in reprehenderit in voluptate velit esse cillum dolore eu fugiat nulla pariatur. Excepteur sint occaecat cupidatat non proident, sunt in culpa qui officia deserunt mollit anim id est laborum."}}},"block_order":["f88f8442-60b0-418d-94fe-cba76c422b4b","91e0bf0f-3401-427d-8f79-5a4152a729e5","9665c9d7-7224-49ef-a674-b3d4e106fcce","21837d3c-5307-481d-89a2-c6c77915056b","cf7231a4-a053-4814-bf63-145522c48fcf","d8f59d79-47a3-489d-ac22-010ae378e9cc","4618ee47-6b95-43b5-aaf5-07665b1ddd6f","fcdee481-7fd4-416a-b594-0ef974b00dc0","db2c0b9c-e6c1-4d28-93b5-60db0392fc80","e68a577f-5480-4c76-944c-8cd9cc5a86d9"],"settings":{"show_counter":true,"section_bottom_spacing_desktop":70,"section_bottom_spacing_mobile":30}}},"order":["main"]}