{"sections":{"cart-items":{"type":"main-cart-items","settings":{}},"cart-footer":{"type":"main-cart-footer","blocks":{"subtotal":{"type":"subtotal","settings":{}},"buttons":{"type":"buttons","settings":{}}},"block_order":["subtotal","buttons"],"settings":{"show_cart_note":true,"enable_cartpage":true,"reassurance-image1":"shopify:\/\/shop_images\/4_dacd8cc4-83cb-4ff5-a8f6-e6cb7ec90ccb.png","reassurance-title1":"Free Delivery","reassurance-desc1":"Lorem Ipsum dummy","reassurance-image2":"shopify:\/\/shop_images\/3_13fb7794-656a-4262-999c-b5541e88a226.png","reassurance-title2":"Big Savings","reassurance-desc2":"Lorem Ipsum dummy","reassurance-image3":"shopify:\/\/shop_images\/2_d8d7ee48-f6c3-4534-86e0-1da8ccdf3c9a.png","reassurance-title3":"Customer Support","reassurance-desc3":"Lorem Ipsum dummy","reassurance-image4":"shopify:\/\/shop_images\/1_9c1ee098-62df-4a22-b5fe-911e01f21b18.png","reassurance-title4":"Gift Voucher","reassurance-desc4":"Lorem Ipsum dummy"}},"collection-list":{"type":"Ishi_collection_list","blocks":{"1629090086526308ce-0":{"type":"featured_collection","settings":{"collection":"body-care"}},"1629090086526308ce-1":{"type":"featured_collection","settings":{"collection":"fragrances"}},"1629090086526308ce-2":{"type":"featured_collection","settings":{"collection":"new-beauty"}},"1629090086526308ce-3":{"type":"featured_collection","settings":{"collection":"skin-care"}}},"block_order":["1629090086526308ce-0","1629090086526308ce-1","1629090086526308ce-2","1629090086526308ce-3"],"settings":{"subtitle":"The Products","hometitle":"Trending Collections","featured_image_ratio":"square","swipe_on_mobile":true,"show_view_all":false,"show_collection_item":true,"grid":"4","section_bottom_spacing_desktop":70,"section_bottom_spacing_mobile":30}}},"order":["cart-items","cart-footer","collection-list"]}