{"sections":{"16289212707c98911d":{"type":"Ishi_slideshow","blocks":{"16289212707c98911d-0":{"type":"slide_image","settings":{"image":"shopify:\/\/shop_images\/Rectangle_1521.png","text_position":"left","textalignment":"left","subtitle":"","subtitlecolor":"#333333","maintitle":"Reveal The  Beauty Of Skin","maintitlecolor":"#333333","desc":"Lorem ipsum dolor sit amet, consectetur adipiscing elit. Aliquam nisl at pellentesque ac sit justo, etiam. Integ","desccolor":"#777777","button_label":"SHOP NOW","link":"shopify:\/\/collections\/body-care","image1":"shopify:\/\/shop_images\/1_6.png","text_position1":"left","textalignment1":"left"}},"e8c25538-f73a-485f-982e-20e17de2f43b":{"type":"slide_image","settings":{"image":"shopify:\/\/shop_images\/Rectangle_1518.png","text_position":"right","textalignment":"left","subtitle":"","subtitlecolor":"#333333","maintitle":"Face Beauty Inspired By Life","maintitlecolor":"#333333","desc":"Lorem ipsum dolor sit amet, consectetur adipiscing elit. Aliquam nisl at pellentesque ac sit justo, etiam. Integ","desccolor":"#777777","button_label":"SHOP NOW","link":"shopify:\/\/collections\/body-care","image1":"shopify:\/\/shop_images\/2_5.png","text_position1":"right","textalignment1":"left"}}},"block_order":["16289212707c98911d-0","e8c25538-f73a-485f-982e-20e17de2f43b"],"settings":{"section_bottom_spacing_desktop":70,"section_bottom_spacing_mobile":30,"section_left-right_spacing_mobile":0}},"450377cb-7739-47a9-a0dd-b93ea8cc5008":{"type":"Ishi_categoryblock","blocks":{"0755ea2b-a1e4-40cb-bf2a-7dc7a0354b28":{"type":"image","settings":{"image":"shopify:\/\/shop_images\/Rectangle_1524.png","title":"Skin Care","button_link":"shopify:\/\/collections\/body-care"}},"e7708670-f134-4ede-a60b-6b2e49610c82":{"type":"image","settings":{"image":"shopify:\/\/shop_images\/Rectangle_1524_1.png","title":"Body Lotion","button_link":"shopify:\/\/collections\/fragrances"}},"ee7b416f-5741-44ff-ac26-b9a718abe5af":{"type":"image","settings":{"image":"shopify:\/\/shop_images\/Rectangle_1524_2.png","title":"Nail Polish","button_link":"shopify:\/\/collections\/makeup"}},"5aa0d366-ef22-4a2c-ae38-dde62eb78161":{"type":"image","settings":{"image":"shopify:\/\/shop_images\/4_1.png","title":"Body Care","button_link":"shopify:\/\/collections\/body-care"}},"7c3ee2c4-27e1-49bc-837f-09171e513b22":{"type":"image","settings":{"image":"shopify:\/\/shop_images\/5_46a91d8c-6173-43c1-a794-653d343b1b1f.png","title":"Face Wash","button_link":"shopify:\/\/collections\/fragrances"}}},"block_order":["0755ea2b-a1e4-40cb-bf2a-7dc7a0354b28","e7708670-f134-4ede-a60b-6b2e49610c82","ee7b416f-5741-44ff-ac26-b9a718abe5af","5aa0d366-ef22-4a2c-ae38-dde62eb78161","7c3ee2c4-27e1-49bc-837f-09171e513b22"],"settings":{"title1":"Choose Your Type","section_bottom_spacing_desktop":70,"section_bottom_spacing_mobile":30}},"162935800064a32fb5":{"type":"Ishi_featured_product","blocks":{"162935800064a32fb5-0":{"type":"product_tab","settings":{"title":"","collection":"fragrances","show_view_all":true}}},"block_order":["162935800064a32fb5-0"],"settings":{"hometitle":"This Week’s Highlight","products_to_show":4,"grid":"4","swipe_on_mobile":true,"section_bottom_spacing_desktop":70,"section_bottom_spacing_mobile":30}},"0399dff9-17f7-4a22-bf1c-aaf086870224":{"type":"Horizontalfeatures","blocks":{"template--14487983751214__0399dff9-17f7-4a22-bf1c-aaf086870224-16745376447ea29869-0":{"type":"image","settings":{"service-image":"shopify:\/\/shop_images\/skincare_1_2.png","service-image-hover":"shopify:\/\/shop_images\/skincare_1_3.png","service-title":"100% Organic","service-desc":"Lorem ipsum dolor sit amet cos adipisci elit Ali","link":""}},"template--14487983751214__0399dff9-17f7-4a22-bf1c-aaf086870224-16745376447ea29869-1":{"type":"image","settings":{"service-image":"shopify:\/\/shop_images\/leaves_1.png","service-image-hover":"shopify:\/\/shop_images\/leaves_2.png","service-title":"Vegan Product","service-desc":"Lorem ipsum dolor sit amet cos adipisci elit Ali","link":""}},"template--14487983751214__0399dff9-17f7-4a22-bf1c-aaf086870224-16745376447ea29869-2":{"type":"image","settings":{"service-image":"shopify:\/\/shop_images\/hand-wash_1.png","service-image-hover":"shopify:\/\/shop_images\/hand-wash_2.png","service-title":"Hand Made","service-desc":"Lorem ipsum dolor sit amet cos adipisci elit Ali","link":""}},"template--14487983751214__0399dff9-17f7-4a22-bf1c-aaf086870224-16745376447ea29869-3":{"type":"image","settings":{"service-image":"shopify:\/\/shop_images\/skincare_2_1.png","service-image-hover":"shopify:\/\/shop_images\/skincare_2_1_1.png","service-title":"Hand Made","service-desc":"Lorem ipsum dolor sit amet cos adipisci elit Ali","link":""}},"b218511c-6487-4cbb-9139-823fe5196005":{"type":"image","settings":{"service-image":"shopify:\/\/shop_images\/cosmetics_2_2.png","service-image-hover":"shopify:\/\/shop_images\/cosmetics_2_3.png","service-title":"Paraben Free","service-desc":"Lorem ipsum dolor sit amet cos adipisci elit Ali","link":""}}},"block_order":["template--14487983751214__0399dff9-17f7-4a22-bf1c-aaf086870224-16745376447ea29869-0","template--14487983751214__0399dff9-17f7-4a22-bf1c-aaf086870224-16745376447ea29869-1","template--14487983751214__0399dff9-17f7-4a22-bf1c-aaf086870224-16745376447ea29869-2","template--14487983751214__0399dff9-17f7-4a22-bf1c-aaf086870224-16745376447ea29869-3","b218511c-6487-4cbb-9139-823fe5196005"],"settings":{"Bgcolor":"linear-gradient(0deg, rgba(253, 230, 252, 1), rgba(252, 246, 189, 1) 82.29%, rgba(252, 246, 189, 1) 100%)","service_textcolor1":"#333333","service_textcolor2":"#777777","service_padding":100,"section_bottom_spacing_desktop":70,"section_bottom_spacing_mobile":30}},"932b2f9d-4794-4c50-932e-13fbbf16042c":{"type":"Verticalfeatures","blocks":{"template--14487983751214__932b2f9d-4794-4c50-932e-13fbbf16042c-1674555299af0fbb5a-0":{"type":"image","settings":{"title1":"Joyful Mood","sub_title":"Lorem ipsum dolor sit amet, consectetur\nerra. Etiam id sit donec \ninteger"}},"template--14487983751214__932b2f9d-4794-4c50-932e-13fbbf16042c-1674555299af0fbb5a-1":{"type":"image","settings":{"title1":"Shining Skin","sub_title":"Lorem ipsum dolor sit amet, consectetur\nerra. Etiam id sit donec \ninteger"}},"template--14487983751214__932b2f9d-4794-4c50-932e-13fbbf16042c-1674555299af0fbb5a-2":{"type":"image","settings":{"title1":"Nature Face","sub_title":"Lorem ipsum dolor sit amet, consectetur\nerra. Etiam id sit donec \ninteger"}},"template--14487983751214__932b2f9d-4794-4c50-932e-13fbbf16042c-1674555299af0fbb5a-3":{"type":"image","settings":{"title1":"Improve Skin Glow","sub_title":"Lorem ipsum dolor sit amet, consectetur\nerra. Etiam id sit donec \ninteger"}},"42b43c7a-4c90-4ed9-ae1f-62e852602930":{"type":"image","settings":{"title1":"Bring Comfort","sub_title":"Lorem ipsum dolor sit amet, consectetur\nerra. Etiam id sit donec \ninteger"}},"57447ceb-b5b2-4b23-a381-0bdfb7ec10bf":{"type":"image","settings":{"title1":"Reduce Stress","sub_title":"Lorem ipsum dolor sit amet, consectetur\nerra. Etiam id sit donec \ninteger"}}},"block_order":["template--14487983751214__932b2f9d-4794-4c50-932e-13fbbf16042c-1674555299af0fbb5a-0","template--14487983751214__932b2f9d-4794-4c50-932e-13fbbf16042c-1674555299af0fbb5a-1","template--14487983751214__932b2f9d-4794-4c50-932e-13fbbf16042c-1674555299af0fbb5a-2","template--14487983751214__932b2f9d-4794-4c50-932e-13fbbf16042c-1674555299af0fbb5a-3","42b43c7a-4c90-4ed9-ae1f-62e852602930","57447ceb-b5b2-4b23-a381-0bdfb7ec10bf"],"settings":{"title1":"Why Choose Us","bannerimage":"shopify:\/\/shop_images\/img_1_1.png","features-btn":"BUY NOW","btn_link":"shopify:\/\/collections\/body-care","section_bottom_spacing_desktop":70,"section_bottom_spacing_mobile":30}},"a6cc5e39-eed9-4e38-b917-eebd7ee9314d":{"type":"bannerwithdealsblock","settings":{"hometitle":"Bestseller For You","product":"facial-cleanser","startdate1":"2023-01-01","enddate1":"2024-01-01","product1":"base-foundation","startdate2":"","enddate2":"","image":"shopify:\/\/shop_images\/Rectangle_1464_1.png","bannertitle":"Skin Solution","desc":"Our commitment to sutainability","banner_link":"","button_label":"SHOP NOW","button_link":"shopify:\/\/collections\/body-care","image1":"shopify:\/\/shop_images\/banner_1.png","bannertitle1":"Natural Beauty","desc1":"Beauty inspired by real life of our product","button_label1":"SHOP NOW","button_link1":"shopify:\/\/collections\/body-care","product3":"cologne-spray","startdate3":"2023-01-01","enddate3":"2024-01-01","product4":"eye-makeup","startdate4":"2023-01-01","enddate4":"2024-01-01","section_bottom_spacing_desktop":70,"section_bottom_spacing_mobile":30}},"92d4c4b1-8715-45aa-ad8d-76f89ed6a449":{"type":"faqwithbeforafterblock","blocks":{"template--14487983751214__92d4c4b1-8715-45aa-ad8d-76f89ed6a449-16747144262747879b-0":{"type":"faq-block","settings":{"show_counter":true,"image-2":"shopify:\/\/shop_images\/Ellipse_17.png","faq-title":"Remove black head","faq-subtitle":"Lorem ipsum dolor sit amet, consectetur adipiscing elit. Gravida \nsapien viverra. Etiam id sit donec integer tincidunt"}},"template--14487983751214__92d4c4b1-8715-45aa-ad8d-76f89ed6a449-16747144262747879b-1":{"type":"faq-block","settings":{"show_counter":true,"image-2":"shopify:\/\/shop_images\/Ellipse_16.png","faq-title":"Skin scratch remove","faq-subtitle":"Lorem ipsum dolor sit amet, consectetur adipiscing elit. Gravida \nsapien viverra. Etiam id sit donec integer tincidunt"}},"template--14487983751214__92d4c4b1-8715-45aa-ad8d-76f89ed6a449-16747144262747879b-2":{"type":"faq-block","settings":{"show_counter":true,"image-2":"shopify:\/\/shop_images\/Ellipse_17.png","faq-title":"Acne remove prone","faq-subtitle":"Lorem ipsum dolor sit amet, consectetur adipiscing elit. Gravida \nsapien viverra. Etiam id sit donec integer tincidunt"}}},"block_order":["template--14487983751214__92d4c4b1-8715-45aa-ad8d-76f89ed6a449-16747144262747879b-0","template--14487983751214__92d4c4b1-8715-45aa-ad8d-76f89ed6a449-16747144262747879b-1","template--14487983751214__92d4c4b1-8715-45aa-ad8d-76f89ed6a449-16747144262747879b-2"],"settings":{"image":"shopify:\/\/shop_images\/2_11_3c607e96-063b-4f70-aa52-e94c22d668f6.png","text-1":"Before","image-1":"shopify:\/\/shop_images\/Group_48095547_7d59892f-fbaa-4869-b141-f9cab775dd92.png","text-2":"After","Bgcolor":"radial-gradient(rgba(255, 235, 243, 1) 10.42%, rgba(255, 250, 200, 1) 100%)","link":"","maintitle":"What are The Benefits of our Product?","des":"Lorem ipsum dolor sit amet, consectetur adipiscing elit. Gravida volutpat\nsapien viverra. Etiam id sit donec integer tincidunt vestibulum. Com\nmolestitincidunt massa ut nulla etiam. Ut odi","button_label":"learn more","button_link":"shopify:\/\/pages\/faqs","section_bottom_spacing_desktop":70,"section_bottom_spacing_mobile":30}},"5ca21bd6-c599-4cb7-bb15-d5b7d90433dc":{"type":"Ishi_manufactureblock","blocks":{"template--14487983751214__5ca21bd6-c599-4cb7-bb15-d5b7d90433dc-1673954006b1b006e5-0":{"type":"logo_image","settings":{"image":"shopify:\/\/shop_images\/2_c01e2def-50fa-4527-b8ea-361e7f47e51e.png","link":""}},"template--14487983751214__5ca21bd6-c599-4cb7-bb15-d5b7d90433dc-1673954006b1b006e5-1":{"type":"logo_image","settings":{"image":"shopify:\/\/shop_images\/logo1_c8e21956-26c5-43c9-8780-45f65093d04a.png","link":""}},"template--14487983751214__5ca21bd6-c599-4cb7-bb15-d5b7d90433dc-1673954006b1b006e5-2":{"type":"logo_image","settings":{"image":"shopify:\/\/shop_images\/4_97f23b42-f2ab-4dba-8c87-82d2906beaa8.png","link":""}},"template--14487983751214__5ca21bd6-c599-4cb7-bb15-d5b7d90433dc-1673954006b1b006e5-3":{"type":"logo_image","settings":{"image":"shopify:\/\/shop_images\/5.png","link":""}},"b3df7289-cad5-47da-9f1b-7f093bf011ff":{"type":"logo_image","settings":{"image":"shopify:\/\/shop_images\/4_7a65dba0-642e-4171-b212-f910768f681a.png","link":""}}},"block_order":["template--14487983751214__5ca21bd6-c599-4cb7-bb15-d5b7d90433dc-1673954006b1b006e5-0","template--14487983751214__5ca21bd6-c599-4cb7-bb15-d5b7d90433dc-1673954006b1b006e5-1","template--14487983751214__5ca21bd6-c599-4cb7-bb15-d5b7d90433dc-1673954006b1b006e5-2","template--14487983751214__5ca21bd6-c599-4cb7-bb15-d5b7d90433dc-1673954006b1b006e5-3","b3df7289-cad5-47da-9f1b-7f093bf011ff"],"settings":{"section_bottom_spacing_desktop":70,"section_bottom_spacing_mobile":30}},"70e2105a-616c-4de8-93dd-841e8a87058b":{"type":"Ishi_blogstyle1","settings":{"hometitle":"Blog & Insights","blog":"cosmetic","post_limit":6,"blog_show_author":false,"blog_show_date":true,"blog_show_comment":false,"show_view_all":false,"section_bottom_spacing_desktop":70,"section_bottom_spacing_mobile":30}},"b5bd68c6-82de-4515-b259-641498796f45":{"type":"Ishi_servicestyle1","blocks":{"template--14487983751214__b5bd68c6-82de-4515-b259-641498796f45-1673936512449a7fb9-0":{"type":"image","settings":{"service-image":"shopify:\/\/shop_images\/delivery-box_1.png","service-title":"Free Shipping","service-desc":"Lorem ipsum dolor sit amet consectetuerra ali","link":""}},"template--14487983751214__b5bd68c6-82de-4515-b259-641498796f45-1673936512449a7fb9-1":{"type":"image","settings":{"service-image":"shopify:\/\/shop_images\/product-return.png","service-title":"Return Policy","service-desc":"Lorem ipsum dolor sit amet consectetuerra ali","link":""}},"template--14487983751214__b5bd68c6-82de-4515-b259-641498796f45-1673936512449a7fb9-2":{"type":"image","settings":{"service-image":"shopify:\/\/shop_images\/customer-support_2.png","service-title":"24x7 Support","service-desc":"Lorem ipsum dolor sit amet consectetuerra ali","link":""}},"template--14487983751214__b5bd68c6-82de-4515-b259-641498796f45-1673936512449a7fb9-3":{"type":"image","settings":{"service-image":"shopify:\/\/shop_images\/money-back_1.png","service-title":"Money back","service-desc":"Lorem ipsum dolor sit amet consectetuerra ali","link":""}}},"block_order":["template--14487983751214__b5bd68c6-82de-4515-b259-641498796f45-1673936512449a7fb9-0","template--14487983751214__b5bd68c6-82de-4515-b259-641498796f45-1673936512449a7fb9-1","template--14487983751214__b5bd68c6-82de-4515-b259-641498796f45-1673936512449a7fb9-2","template--14487983751214__b5bd68c6-82de-4515-b259-641498796f45-1673936512449a7fb9-3"],"settings":{"hometitle":"","section_bottom_spacing_desktop":70,"section_bottom_spacing_mobile":30}}},"order":["16289212707c98911d","450377cb-7739-47a9-a0dd-b93ea8cc5008","162935800064a32fb5","0399dff9-17f7-4a22-bf1c-aaf086870224","932b2f9d-4794-4c50-932e-13fbbf16042c","a6cc5e39-eed9-4e38-b917-eebd7ee9314d","92d4c4b1-8715-45aa-ad8d-76f89ed6a449","5ca21bd6-c599-4cb7-bb15-d5b7d90433dc","70e2105a-616c-4de8-93dd-841e8a87058b","b5bd68c6-82de-4515-b259-641498796f45"]}