{"sections":{"main":{"type":"Ishi_collection_list","blocks":{"4adffa0f-e7ad-42e6-a3c3-6620904c3e64":{"type":"featured_collection","settings":{"collection":"body-care"}},"6a7a7097-9192-49ce-97c3-ded3e1516321":{"type":"featured_collection","settings":{"collection":"fragrances"}},"f41af4eb-74e4-49b6-9a29-7dc21ae841d9":{"type":"featured_collection","settings":{"collection":"makeup"}},"041f75cd-dd72-4dbb-9ae0-57897cf71df0":{"type":"featured_collection","settings":{"collection":"special-beauty"}},"14869a80-a30d-437c-acbf-7d186b6bd278":{"type":"featured_collection","settings":{"collection":"new-beauty"}},"1675b861-8bb8-4917-8ffd-96a33e3d2509":{"type":"featured_collection","settings":{"collection":"skin-care"}}},"block_order":["4adffa0f-e7ad-42e6-a3c3-6620904c3e64","6a7a7097-9192-49ce-97c3-ded3e1516321","f41af4eb-74e4-49b6-9a29-7dc21ae841d9","041f75cd-dd72-4dbb-9ae0-57897cf71df0","14869a80-a30d-437c-acbf-7d186b6bd278","1675b861-8bb8-4917-8ffd-96a33e3d2509"],"settings":{"subtitle":"","hometitle":"","featured_image_ratio":"square","swipe_on_mobile":true,"show_view_all":false,"show_collection_item":true,"grid":"4","section_bottom_spacing_desktop":70,"section_bottom_spacing_mobile":30}}},"order":["main"]}